PATTY-B-npc-chrpa,numeric/real-ipc-2023/zenotravel,files/numeric/real-ipc-2023/zenotravel/domain.pddl,files/numeric/real-ipc-2023/zenotravel/instances/pfile16.pddl
PATTY-B-npc,numeric/real-ipc-2023/mprime,files/numeric/real-ipc-2023/mprime/domain.pddl,files/numeric/real-ipc-2023/mprime/instances/pfile7.pddl
PATTY-G-nei,numeric/real-ipc-2023/counters,files/numeric/real-ipc-2023/counters/domain.pddl,files/numeric/real-ipc-2023/counters/instances/pfile10.pddl
PATTY-G-nei-chrpa,numeric/real-ipc-2023/fo-counters,files/numeric/real-ipc-2023/fo-counters/domain.pddl,files/numeric/real-ipc-2023/fo-counters/instances/pfile3.pddl
PATTY-B-npc-chrpa,numeric/real-ipc-2023/sailing,files/numeric/real-ipc-2023/sailing/domain.pddl,files/numeric/real-ipc-2023/sailing/instances/pfile1.pddl
PATTY-B-npc,numeric/real-ipc-2023/mprime,files/numeric/real-ipc-2023/mprime/domain.pddl,files/numeric/real-ipc-2023/mprime/instances/pfile10.pddl
PATTY-G-nei,numeric/real-ipc-2023/ext-plant-watering,files/numeric/real-ipc-2023/ext-plant-watering/domain.pddl,files/numeric/real-ipc-2023/ext-plant-watering/instances/pfile9.pddl
PATTY-B-npc-chrpa,numeric/real-ipc-2023/expedition,files/numeric/real-ipc-2023/expedition/domain.pddl,files/numeric/real-ipc-2023/expedition/instances/pfile15.pddl
PATTY-G-nei-chrpa,numeric/real-ipc-2023/block-grouping,files/numeric/real-ipc-2023/block-grouping/domain.pddl,files/numeric/real-ipc-2023/block-grouping/instances/pfile19.pddl
PATTY-G-nei-chrpa,numeric/real-ipc-2023/expedition,files/numeric/real-ipc-2023/expedition/domain.pddl,files/numeric/real-ipc-2023/expedition/instances/pfile9.pddl
PATTY-G-nei-chrpa,numeric/real-ipc-2023/zenotravel,files/numeric/real-ipc-2023/zenotravel/domain.pddl,files/numeric/real-ipc-2023/zenotravel/instances/pfile18.pddl
PATTY-G-nei,numeric/real-ipc-2023/block-grouping,files/numeric/real-ipc-2023/block-grouping/domain.pddl,files/numeric/real-ipc-2023/block-grouping/instances/pfile3.pddl
PATTY-G-nei-chrpa,numeric/real-ipc-2023/rover,files/numeric/real-ipc-2023/rover/domain.pddl,files/numeric/real-ipc-2023/rover/instances/pfile19.pddl
PATTY-B-npc-chrpa,numeric/real-ipc-2023/farmland,files/numeric/real-ipc-2023/farmland/domain.pddl,files/numeric/real-ipc-2023/farmland/instances/pfile19.pddl
PATTY-G-nei,numeric/real-ipc-2023/farmland,files/numeric/real-ipc-2023/farmland/domain.pddl,files/numeric/real-ipc-2023/farmland/instances/pfile15.pddl
PATTY-G-nei,numeric/real-ipc-2023/markettrader,files/numeric/real-ipc-2023/markettrader/domain.pddl,files/numeric/real-ipc-2023/markettrader/instances/pfile4.pddl
PATTY-G-nei,numeric/real-ipc-2023/fo-counters,files/numeric/real-ipc-2023/fo-counters/domain.pddl,files/numeric/real-ipc-2023/fo-counters/instances/pfile6.pddl
PATTY-G-nei-chrpa,numeric/real-ipc-2023/settlers-compiled,files/numeric/real-ipc-2023/settlers-compiled/domain.pddl,files/numeric/real-ipc-2023/settlers-compiled/instances/pfile16.pddl
PATTY-B-npc,numeric/real-ipc-2023/sugar,files/numeric/real-ipc-2023/sugar/domain.pddl,files/numeric/real-ipc-2023/sugar/instances/pfile7.pddl
PATTY-G-nei-chrpa,numeric/real-ipc-2023/farmland,files/numeric/real-ipc-2023/farmland/domain.pddl,files/numeric/real-ipc-2023/farmland/instances/pfile9.pddl
PATTY-B-npc,numeric/real-ipc-2023/settlers-compiled,files/numeric/real-ipc-2023/settlers-compiled/domain.pddl,files/numeric/real-ipc-2023/settlers-compiled/instances/pfile13.pddl
PATTY-G-nei-chrpa,numeric/real-ipc-2023/farmland,files/numeric/real-ipc-2023/farmland/domain.pddl,files/numeric/real-ipc-2023/farmland/instances/pfile15.pddl
PATTY-B-npc,numeric/real-ipc-2023/delivery,files/numeric/real-ipc-2023/delivery/domain.pddl,files/numeric/real-ipc-2023/delivery/instances/pfile6.pddl
PATTY-B-npc,numeric/real-ipc-2023/sugar,files/numeric/real-ipc-2023/sugar/domain.pddl,files/numeric/real-ipc-2023/sugar/instances/pfile18.pddl
PATTY-G-nei-chrpa,numeric/real-ipc-2023/delivery,files/numeric/real-ipc-2023/delivery/domain.pddl,files/numeric/real-ipc-2023/delivery/instances/pfile16.pddl
PATTY-B-npc,numeric/real-ipc-2023/settlers-compiled,files/numeric/real-ipc-2023/settlers-compiled/domain.pddl,files/numeric/real-ipc-2023/settlers-compiled/instances/pfile19.pddl
PATTY-G-nei-chrpa,numeric/real-ipc-2023/hydropower,files/numeric/real-ipc-2023/hydropower/domain.pddl,files/numeric/real-ipc-2023/hydropower/instances/pfile14.pddl
PATTY-B-npc-chrpa,numeric/real-ipc-2023/settlers-compiled,files/numeric/real-ipc-2023/settlers-compiled/domain.pddl,files/numeric/real-ipc-2023/settlers-compiled/instances/pfile10.pddl
PATTY-G-nei,numeric/real-ipc-2023/block-grouping,files/numeric/real-ipc-2023/block-grouping/domain.pddl,files/numeric/real-ipc-2023/block-grouping/instances/pfile7.pddl
PATTY-G-nei-chrpa,numeric/real-ipc-2023/drone,files/numeric/real-ipc-2023/drone/domain.pddl,files/numeric/real-ipc-2023/drone/instances/pfile20.pddl
PATTY-B-npc,numeric/real-ipc-2023/delivery,files/numeric/real-ipc-2023/delivery/domain.pddl,files/numeric/real-ipc-2023/delivery/instances/pfile13.pddl
PATTY-B-npc-chrpa,numeric/real-ipc-2023/sailing,files/numeric/real-ipc-2023/sailing/domain.pddl,files/numeric/real-ipc-2023/sailing/instances/pfile3.pddl
PATTY-G-nei,numeric/real-ipc-2023/fo-farmland,files/numeric/real-ipc-2023/fo-farmland/domain.pddl,files/numeric/real-ipc-2023/fo-farmland/instances/pfile17.pddl
PATTY-G-nei,numeric/line-exchange,files/numeric/line-exchange/domain.pddl,files/numeric/line-exchange/instances/5_15_90_100.pddl
PATTY-B-npc,numeric/line-exchange,files/numeric/line-exchange/domain.pddl,files/numeric/line-exchange/instances/4_15_50_10.pddl
PATTY-B-npc,numeric/real-ipc-2023/fo-farmland,files/numeric/real-ipc-2023/fo-farmland/domain.pddl,files/numeric/real-ipc-2023/fo-farmland/instances/pfile5.pddl
PATTY-G-nei-chrpa,numeric/real-ipc-2023/counters,files/numeric/real-ipc-2023/counters/domain.pddl,files/numeric/real-ipc-2023/counters/instances/pfile13.pddl
PATTY-B-npc,numeric/real-ipc-2023/delivery,files/numeric/real-ipc-2023/delivery/domain.pddl,files/numeric/real-ipc-2023/delivery/instances/pfile1.pddl
PATTY-G-nei,numeric/real-ipc-2023/drone,files/numeric/real-ipc-2023/drone/domain.pddl,files/numeric/real-ipc-2023/drone/instances/pfile4.pddl
PATTY-B-npc-chrpa,numeric/real-ipc-2023/markettrader,files/numeric/real-ipc-2023/markettrader/domain.pddl,files/numeric/real-ipc-2023/markettrader/instances/pfile17.pddl
PATTY-G-nei-chrpa,numeric/real-ipc-2023/fo-counters,files/numeric/real-ipc-2023/fo-counters/domain.pddl,files/numeric/real-ipc-2023/fo-counters/instances/pfile16.pddl
PATTY-B-npc,numeric/real-ipc-2023/fo-counters,files/numeric/real-ipc-2023/fo-counters/domain.pddl,files/numeric/real-ipc-2023/fo-counters/instances/pfile5.pddl
PATTY-G-nei,numeric/real-ipc-2023/tpp,files/numeric/real-ipc-2023/tpp/domain.pddl,files/numeric/real-ipc-2023/tpp/instances/pfile14.pddl
PATTY-B-npc,numeric/real-ipc-2023/fo-sailing,files/numeric/real-ipc-2023/fo-sailing/domain.pddl,files/numeric/real-ipc-2023/fo-sailing/instances/pfile11.pddl
PATTY-G-nei-chrpa,numeric/real-ipc-2023/counters,files/numeric/real-ipc-2023/counters/domain.pddl,files/numeric/real-ipc-2023/counters/instances/pfile10.pddl
PATTY-B-npc-chrpa,numeric/real-ipc-2023/drone,files/numeric/real-ipc-2023/drone/domain.pddl,files/numeric/real-ipc-2023/drone/instances/pfile16.pddl
PATTY-G-nei,numeric/real-ipc-2023/settlersnumeric,files/numeric/real-ipc-2023/settlersnumeric/domain.pddl,files/numeric/real-ipc-2023/settlersnumeric/instances/pfile9.pddl
PATTY-B-npc,numeric/real-ipc-2023/hydropower,files/numeric/real-ipc-2023/hydropower/domain.pddl,files/numeric/real-ipc-2023/hydropower/instances/pfile19.pddl
PATTY-G-nei-chrpa,numeric/real-ipc-2023/pathwaysmetric,files/numeric/real-ipc-2023/pathwaysmetric/domain.pddl,files/numeric/real-ipc-2023/pathwaysmetric/instances/pfile5.pddl
PATTY-B-npc,numeric/real-ipc-2023/settlers-compiled,files/numeric/real-ipc-2023/settlers-compiled/domain.pddl,files/numeric/real-ipc-2023/settlers-compiled/instances/pfile6.pddl
PATTY-B-npc-chrpa,numeric/real-ipc-2023/delivery,files/numeric/real-ipc-2023/delivery/domain.pddl,files/numeric/real-ipc-2023/delivery/instances/pfile18.pddl
PATTY-G-nei-chrpa,numeric/real-ipc-2023/markettrader,files/numeric/real-ipc-2023/markettrader/domain.pddl,files/numeric/real-ipc-2023/markettrader/instances/pfile5.pddl
PATTY-G-nei,numeric/real-ipc-2023/pathwaysmetric,files/numeric/real-ipc-2023/pathwaysmetric/domain.pddl,files/numeric/real-ipc-2023/pathwaysmetric/instances/pfile9.pddl
PATTY-G-nei,numeric/real-ipc-2023/fo-counters,files/numeric/real-ipc-2023/fo-counters/domain.pddl,files/numeric/real-ipc-2023/fo-counters/instances/pfile4.pddl
PATTY-G-nei,numeric/real-ipc-2023/fo-counters,files/numeric/real-ipc-2023/fo-counters/domain.pddl,files/numeric/real-ipc-2023/fo-counters/instances/pfile20.pddl
PATTY-B-npc-chrpa,numeric/real-ipc-2023/tpp,files/numeric/real-ipc-2023/tpp/domain.pddl,files/numeric/real-ipc-2023/tpp/instances/pfile3.pddl
PATTY-G-nei,numeric/real-ipc-2023/fo-sailing,files/numeric/real-ipc-2023/fo-sailing/domain.pddl,files/numeric/real-ipc-2023/fo-sailing/instances/pfile8.pddl
PATTY-B-npc,numeric/real-ipc-2023/mprime,files/numeric/real-ipc-2023/mprime/domain.pddl,files/numeric/real-ipc-2023/mprime/instances/pfile19.pddl
PATTY-B-npc,numeric/real-ipc-2023/tpp,files/numeric/real-ipc-2023/tpp/domain.pddl,files/numeric/real-ipc-2023/tpp/instances/pfile3.pddl
PATTY-B-npc,numeric/real-ipc-2023/expedition,files/numeric/real-ipc-2023/expedition/domain.pddl,files/numeric/real-ipc-2023/expedition/instances/pfile15.pddl
PATTY-G-nei,numeric/real-ipc-2023/fo-farmland,files/numeric/real-ipc-2023/fo-farmland/domain.pddl,files/numeric/real-ipc-2023/fo-farmland/instances/pfile20.pddl
PATTY-G-nei-chrpa,numeric/real-ipc-2023/drone,files/numeric/real-ipc-2023/drone/domain.pddl,files/numeric/real-ipc-2023/drone/instances/pfile6.pddl
PATTY-G-nei-chrpa,numeric/real-ipc-2023/zenotravel,files/numeric/real-ipc-2023/zenotravel/domain.pddl,files/numeric/real-ipc-2023/zenotravel/instances/pfile12.pddl
PATTY-G-nei,numeric/real-ipc-2023/settlersnumeric,files/numeric/real-ipc-2023/settlersnumeric/domain.pddl,files/numeric/real-ipc-2023/settlersnumeric/instances/pfile6.pddl
PATTY-G-nei-chrpa,numeric/real-ipc-2023/markettrader,files/numeric/real-ipc-2023/markettrader/domain.pddl,files/numeric/real-ipc-2023/markettrader/instances/pfile6.pddl
PATTY-B-npc,numeric/real-ipc-2023/expedition,files/numeric/real-ipc-2023/expedition/domain.pddl,files/numeric/real-ipc-2023/expedition/instances/pfile16.pddl
PATTY-B-npc-chrpa,numeric/real-ipc-2023/counters,files/numeric/real-ipc-2023/counters/domain.pddl,files/numeric/real-ipc-2023/counters/instances/pfile17.pddl
PATTY-G-nei-chrpa,numeric/real-ipc-2023/drone,files/numeric/real-ipc-2023/drone/domain.pddl,files/numeric/real-ipc-2023/drone/instances/pfile7.pddl
PATTY-B-npc-chrpa,numeric/real-ipc-2023/settlersnumeric,files/numeric/real-ipc-2023/settlersnumeric/domain.pddl,files/numeric/real-ipc-2023/settlersnumeric/instances/pfile11.pddl
PATTY-B-npc,numeric/real-ipc-2023/settlersnumeric,files/numeric/real-ipc-2023/settlersnumeric/domain.pddl,files/numeric/real-ipc-2023/settlersnumeric/instances/pfile15.pddl
PATTY-B-npc,numeric/real-ipc-2023/ext-plant-watering,files/numeric/real-ipc-2023/ext-plant-watering/domain.pddl,files/numeric/real-ipc-2023/ext-plant-watering/instances/pfile1.pddl
PATTY-B-npc,numeric/real-ipc-2023/fo-farmland,files/numeric/real-ipc-2023/fo-farmland/domain.pddl,files/numeric/real-ipc-2023/fo-farmland/instances/pfile19.pddl
PATTY-B-npc-chrpa,numeric/real-ipc-2023/sugar,files/numeric/real-ipc-2023/sugar/domain.pddl,files/numeric/real-ipc-2023/sugar/instances/pfile17.pddl
PATTY-B-npc-chrpa,numeric/real-ipc-2023/fo-counters,files/numeric/real-ipc-2023/fo-counters/domain.pddl,files/numeric/real-ipc-2023/fo-counters/instances/pfile15.pddl
PATTY-G-nei-chrpa,numeric/real-ipc-2023/sugar,files/numeric/real-ipc-2023/sugar/domain.pddl,files/numeric/real-ipc-2023/sugar/instances/pfile7.pddl
PATTY-B-npc,numeric/real-ipc-2023/delivery,files/numeric/real-ipc-2023/delivery/domain.pddl,files/numeric/real-ipc-2023/delivery/instances/pfile20.pddl
PATTY-B-npc,numeric/real-ipc-2023/ext-plant-watering,files/numeric/real-ipc-2023/ext-plant-watering/domain.pddl,files/numeric/real-ipc-2023/ext-plant-watering/instances/pfile2.pddl
PATTY-B-npc,numeric/real-ipc-2023/hydropower,files/numeric/real-ipc-2023/hydropower/domain.pddl,files/numeric/real-ipc-2023/hydropower/instances/pfile10.pddl
PATTY-B-npc,numeric/real-ipc-2023/settlers-compiled,files/numeric/real-ipc-2023/settlers-compiled/domain.pddl,files/numeric/real-ipc-2023/settlers-compiled/instances/pfile10.pddl
PATTY-G-nei-chrpa,numeric/real-ipc-2023/settlersnumeric,files/numeric/real-ipc-2023/settlersnumeric/domain.pddl,files/numeric/real-ipc-2023/settlersnumeric/instances/pfile12.pddl
PATTY-G-nei,numeric/real-ipc-2023/fo-farmland,files/numeric/real-ipc-2023/fo-farmland/domain.pddl,files/numeric/real-ipc-2023/fo-farmland/instances/pfile14.pddl
PATTY-B-npc-chrpa,numeric/real-ipc-2023/fo-counters,files/numeric/real-ipc-2023/fo-counters/domain.pddl,files/numeric/real-ipc-2023/fo-counters/instances/pfile19.pddl
PATTY-G-nei-chrpa,numeric/real-ipc-2023/markettrader,files/numeric/real-ipc-2023/markettrader/domain.pddl,files/numeric/real-ipc-2023/markettrader/instances/pfile3.pddl
PATTY-G-nei-chrpa,numeric/real-ipc-2023/fo-farmland,files/numeric/real-ipc-2023/fo-farmland/domain.pddl,files/numeric/real-ipc-2023/fo-farmland/instances/pfile18.pddl
PATTY-G-nei-chrpa,numeric/real-ipc-2023/fo-counters,files/numeric/real-ipc-2023/fo-counters/domain.pddl,files/numeric/real-ipc-2023/fo-counters/instances/pfile4.pddl
PATTY-B-npc-chrpa,numeric/real-ipc-2023/markettrader,files/numeric/real-ipc-2023/markettrader/domain.pddl,files/numeric/real-ipc-2023/markettrader/instances/pfile9.pddl
PATTY-G-nei-chrpa,numeric/real-ipc-2023/block-grouping,files/numeric/real-ipc-2023/block-grouping/domain.pddl,files/numeric/real-ipc-2023/block-grouping/instances/pfile6.pddl
PATTY-B-npc,numeric/real-ipc-2023/counters,files/numeric/real-ipc-2023/counters/domain.pddl,files/numeric/real-ipc-2023/counters/instances/pfile6.pddl
PATTY-G-nei-chrpa,numeric/real-ipc-2023/sugar,files/numeric/real-ipc-2023/sugar/domain.pddl,files/numeric/real-ipc-2023/sugar/instances/pfile1.pddl
PATTY-G-nei-chrpa,numeric/real-ipc-2023/farmland,files/numeric/real-ipc-2023/farmland/domain.pddl,files/numeric/real-ipc-2023/farmland/instances/pfile14.pddl
PATTY-B-npc,numeric/real-ipc-2023/counters,files/numeric/real-ipc-2023/counters/domain.pddl,files/numeric/real-ipc-2023/counters/instances/pfile13.pddl
PATTY-B-npc,numeric/real-ipc-2023/fo-farmland,files/numeric/real-ipc-2023/fo-farmland/domain.pddl,files/numeric/real-ipc-2023/fo-farmland/instances/pfile17.pddl
PATTY-G-nei-chrpa,numeric/real-ipc-2023/fo-farmland,files/numeric/real-ipc-2023/fo-farmland/domain.pddl,files/numeric/real-ipc-2023/fo-farmland/instances/pfile16.pddl
PATTY-B-npc,numeric/real-ipc-2023/markettrader,files/numeric/real-ipc-2023/markettrader/domain.pddl,files/numeric/real-ipc-2023/markettrader/instances/pfile15.pddl
PATTY-G-nei,numeric/real-ipc-2023/fo-farmland,files/numeric/real-ipc-2023/fo-farmland/domain.pddl,files/numeric/real-ipc-2023/fo-farmland/instances/pfile10.pddl
PATTY-B-npc,numeric/real-ipc-2023/farmland,files/numeric/real-ipc-2023/farmland/domain.pddl,files/numeric/real-ipc-2023/farmland/instances/pfile1.pddl
PATTY-G-nei,numeric/real-ipc-2023/delivery,files/numeric/real-ipc-2023/delivery/domain.pddl,files/numeric/real-ipc-2023/delivery/instances/pfile10.pddl
PATTY-G-nei,numeric/real-ipc-2023/zenotravel,files/numeric/real-ipc-2023/zenotravel/domain.pddl,files/numeric/real-ipc-2023/zenotravel/instances/pfile10.pddl
PATTY-B-npc-chrpa,numeric/real-ipc-2023/expedition,files/numeric/real-ipc-2023/expedition/domain.pddl,files/numeric/real-ipc-2023/expedition/instances/pfile19.pddl
PATTY-B-npc,numeric/real-ipc-2023/sugar,files/numeric/real-ipc-2023/sugar/domain.pddl,files/numeric/real-ipc-2023/sugar/instances/pfile1.pddl
PATTY-B-npc,numeric/real-ipc-2023/pathwaysmetric,files/numeric/real-ipc-2023/pathwaysmetric/domain.pddl,files/numeric/real-ipc-2023/pathwaysmetric/instances/pfile7.pddl
PATTY-B-npc,numeric/real-ipc-2023/settlers-compiled,files/numeric/real-ipc-2023/settlers-compiled/domain.pddl,files/numeric/real-ipc-2023/settlers-compiled/instances/pfile20.pddl
PATTY-G-nei,numeric/real-ipc-2023/tpp,files/numeric/real-ipc-2023/tpp/domain.pddl,files/numeric/real-ipc-2023/tpp/instances/pfile18.pddl
PATTY-B-npc-chrpa,numeric/line-exchange,files/numeric/line-exchange/domain.pddl,files/numeric/line-exchange/instances/4_5_25_50.pddl
PATTY-B-npc-chrpa,numeric/real-ipc-2023/tpp,files/numeric/real-ipc-2023/tpp/domain.pddl,files/numeric/real-ipc-2023/tpp/instances/pfile9.pddl
PATTY-B-npc,numeric/real-ipc-2023/settlers-compiled,files/numeric/real-ipc-2023/settlers-compiled/domain.pddl,files/numeric/real-ipc-2023/settlers-compiled/instances/pfile4.pddl
PATTY-G-nei,numeric/real-ipc-2023/rover,files/numeric/real-ipc-2023/rover/domain.pddl,files/numeric/real-ipc-2023/rover/instances/pfile19.pddl
PATTY-G-nei-chrpa,numeric/real-ipc-2023/hydropower,files/numeric/real-ipc-2023/hydropower/domain.pddl,files/numeric/real-ipc-2023/hydropower/instances/pfile17.pddl
PATTY-G-nei,numeric/real-ipc-2023/fo-farmland,files/numeric/real-ipc-2023/fo-farmland/domain.pddl,files/numeric/real-ipc-2023/fo-farmland/instances/pfile6.pddl
PATTY-B-npc-chrpa,numeric/real-ipc-2023/rover,files/numeric/real-ipc-2023/rover/domain.pddl,files/numeric/real-ipc-2023/rover/instances/pfile9.pddl
PATTY-B-npc,numeric/line-exchange,files/numeric/line-exchange/domain.pddl,files/numeric/line-exchange/instances/5_15_50_50.pddl
PATTY-G-nei-chrpa,numeric/real-ipc-2023/ext-plant-watering,files/numeric/real-ipc-2023/ext-plant-watering/domain.pddl,files/numeric/real-ipc-2023/ext-plant-watering/instances/pfile6.pddl
PATTY-G-nei,numeric/real-ipc-2023/pathwaysmetric,files/numeric/real-ipc-2023/pathwaysmetric/domain.pddl,files/numeric/real-ipc-2023/pathwaysmetric/instances/pfile8.pddl
PATTY-B-npc,numeric/real-ipc-2023/fo-counters,files/numeric/real-ipc-2023/fo-counters/domain.pddl,files/numeric/real-ipc-2023/fo-counters/instances/pfile11.pddl
PATTY-B-npc,numeric/real-ipc-2023/sailing,files/numeric/real-ipc-2023/sailing/domain.pddl,files/numeric/real-ipc-2023/sailing/instances/pfile2.pddl
PATTY-G-nei-chrpa,numeric/real-ipc-2023/expedition,files/numeric/real-ipc-2023/expedition/domain.pddl,files/numeric/real-ipc-2023/expedition/instances/pfile13.pddl
PATTY-B-npc-chrpa,numeric/real-ipc-2023/markettrader,files/numeric/real-ipc-2023/markettrader/domain.pddl,files/numeric/real-ipc-2023/markettrader/instances/pfile19.pddl
PATTY-B-npc,numeric/real-ipc-2023/pathwaysmetric,files/numeric/real-ipc-2023/pathwaysmetric/domain.pddl,files/numeric/real-ipc-2023/pathwaysmetric/instances/pfile2.pddl
PATTY-B-npc,numeric/real-ipc-2023/mprime,files/numeric/real-ipc-2023/mprime/domain.pddl,files/numeric/real-ipc-2023/mprime/instances/pfile5.pddl
PATTY-G-nei,numeric/real-ipc-2023/pathwaysmetric,files/numeric/real-ipc-2023/pathwaysmetric/domain.pddl,files/numeric/real-ipc-2023/pathwaysmetric/instances/pfile12.pddl
PATTY-B-npc,numeric/real-ipc-2023/fo-farmland,files/numeric/real-ipc-2023/fo-farmland/domain.pddl,files/numeric/real-ipc-2023/fo-farmland/instances/pfile2.pddl
PATTY-G-nei,numeric/real-ipc-2023/pathwaysmetric,files/numeric/real-ipc-2023/pathwaysmetric/domain.pddl,files/numeric/real-ipc-2023/pathwaysmetric/instances/pfile15.pddl
PATTY-G-nei,numeric/real-ipc-2023/sugar,files/numeric/real-ipc-2023/sugar/domain.pddl,files/numeric/real-ipc-2023/sugar/instances/pfile7.pddl
PATTY-G-nei-chrpa,numeric/line-exchange,files/numeric/line-exchange/domain.pddl,files/numeric/line-exchange/instances/3_10_90_50.pddl
PATTY-G-nei-chrpa,numeric/real-ipc-2023/hydropower,files/numeric/real-ipc-2023/hydropower/domain.pddl,files/numeric/real-ipc-2023/hydropower/instances/pfile4.pddl
PATTY-G-nei-chrpa,numeric/real-ipc-2023/farmland,files/numeric/real-ipc-2023/farmland/domain.pddl,files/numeric/real-ipc-2023/farmland/instances/pfile17.pddl
PATTY-G-nei,numeric/real-ipc-2023/rover,files/numeric/real-ipc-2023/rover/domain.pddl,files/numeric/real-ipc-2023/rover/instances/pfile2.pddl
PATTY-B-npc,numeric/real-ipc-2023/tpp,files/numeric/real-ipc-2023/tpp/domain.pddl,files/numeric/real-ipc-2023/tpp/instances/pfile6.pddl
PATTY-B-npc-chrpa,numeric/real-ipc-2023/settlers-compiled,files/numeric/real-ipc-2023/settlers-compiled/domain.pddl,files/numeric/real-ipc-2023/settlers-compiled/instances/pfile20.pddl
PATTY-B-npc-chrpa,numeric/real-ipc-2023/sailing,files/numeric/real-ipc-2023/sailing/domain.pddl,files/numeric/real-ipc-2023/sailing/instances/pfile6.pddl
PATTY-B-npc-chrpa,numeric/real-ipc-2023/delivery,files/numeric/real-ipc-2023/delivery/domain.pddl,files/numeric/real-ipc-2023/delivery/instances/pfile20.pddl
PATTY-G-nei-chrpa,numeric/real-ipc-2023/tpp,files/numeric/real-ipc-2023/tpp/domain.pddl,files/numeric/real-ipc-2023/tpp/instances/pfile20.pddl
PATTY-G-nei,numeric/real-ipc-2023/mprime,files/numeric/real-ipc-2023/mprime/domain.pddl,files/numeric/real-ipc-2023/mprime/instances/pfile5.pddl
PATTY-B-npc,numeric/real-ipc-2023/drone,files/numeric/real-ipc-2023/drone/domain.pddl,files/numeric/real-ipc-2023/drone/instances/pfile16.pddl
PATTY-G-nei,numeric/real-ipc-2023/fo-counters,files/numeric/real-ipc-2023/fo-counters/domain.pddl,files/numeric/real-ipc-2023/fo-counters/instances/pfile18.pddl
PATTY-G-nei,numeric/real-ipc-2023/rover,files/numeric/real-ipc-2023/rover/domain.pddl,files/numeric/real-ipc-2023/rover/instances/pfile15.pddl
PATTY-B-npc,numeric/real-ipc-2023/sailing,files/numeric/real-ipc-2023/sailing/domain.pddl,files/numeric/real-ipc-2023/sailing/instances/pfile9.pddl
PATTY-G-nei,numeric/real-ipc-2023/pathwaysmetric,files/numeric/real-ipc-2023/pathwaysmetric/domain.pddl,files/numeric/real-ipc-2023/pathwaysmetric/instances/pfile4.pddl
PATTY-B-npc,numeric/real-ipc-2023/settlersnumeric,files/numeric/real-ipc-2023/settlersnumeric/domain.pddl,files/numeric/real-ipc-2023/settlersnumeric/instances/pfile8.pddl
PATTY-B-npc,numeric/real-ipc-2023/farmland,files/numeric/real-ipc-2023/farmland/domain.pddl,files/numeric/real-ipc-2023/farmland/instances/pfile11.pddl
PATTY-G-nei-chrpa,numeric/real-ipc-2023/fo-sailing,files/numeric/real-ipc-2023/fo-sailing/domain.pddl,files/numeric/real-ipc-2023/fo-sailing/instances/pfile5.pddl
PATTY-G-nei-chrpa,numeric/real-ipc-2023/hydropower,files/numeric/real-ipc-2023/hydropower/domain.pddl,files/numeric/real-ipc-2023/hydropower/instances/pfile6.pddl
PATTY-B-npc-chrpa,numeric/real-ipc-2023/counters,files/numeric/real-ipc-2023/counters/domain.pddl,files/numeric/real-ipc-2023/counters/instances/pfile9.pddl
PATTY-B-npc,numeric/real-ipc-2023/sugar,files/numeric/real-ipc-2023/sugar/domain.pddl,files/numeric/real-ipc-2023/sugar/instances/pfile20.pddl
PATTY-G-nei-chrpa,numeric/real-ipc-2023/sailing,files/numeric/real-ipc-2023/sailing/domain.pddl,files/numeric/real-ipc-2023/sailing/instances/pfile10.pddl
PATTY-B-npc,numeric/real-ipc-2023/zenotravel,files/numeric/real-ipc-2023/zenotravel/domain.pddl,files/numeric/real-ipc-2023/zenotravel/instances/pfile17.pddl
PATTY-B-npc-chrpa,numeric/real-ipc-2023/settlers-compiled,files/numeric/real-ipc-2023/settlers-compiled/domain.pddl,files/numeric/real-ipc-2023/settlers-compiled/instances/pfile8.pddl
PATTY-B-npc,numeric/real-ipc-2023/sailing,files/numeric/real-ipc-2023/sailing/domain.pddl,files/numeric/real-ipc-2023/sailing/instances/pfile11.pddl
PATTY-B-npc,numeric/real-ipc-2023/zenotravel,files/numeric/real-ipc-2023/zenotravel/domain.pddl,files/numeric/real-ipc-2023/zenotravel/instances/pfile6.pddl
PATTY-B-npc,numeric/real-ipc-2023/expedition,files/numeric/real-ipc-2023/expedition/domain.pddl,files/numeric/real-ipc-2023/expedition/instances/pfile5.pddl
PATTY-G-nei,numeric/real-ipc-2023/settlersnumeric,files/numeric/real-ipc-2023/settlersnumeric/domain.pddl,files/numeric/real-ipc-2023/settlersnumeric/instances/pfile13.pddl
PATTY-G-nei,numeric/real-ipc-2023/pathwaysmetric,files/numeric/real-ipc-2023/pathwaysmetric/domain.pddl,files/numeric/real-ipc-2023/pathwaysmetric/instances/pfile17.pddl
PATTY-B-npc-chrpa,numeric/real-ipc-2023/settlers-compiled,files/numeric/real-ipc-2023/settlers-compiled/domain.pddl,files/numeric/real-ipc-2023/settlers-compiled/instances/pfile5.pddl
PATTY-B-npc,numeric/real-ipc-2023/fo-sailing,files/numeric/real-ipc-2023/fo-sailing/domain.pddl,files/numeric/real-ipc-2023/fo-sailing/instances/pfile5.pddl
PATTY-G-nei,numeric/real-ipc-2023/counters,files/numeric/real-ipc-2023/counters/domain.pddl,files/numeric/real-ipc-2023/counters/instances/pfile13.pddl
PATTY-B-npc-chrpa,numeric/real-ipc-2023/block-grouping,files/numeric/real-ipc-2023/block-grouping/domain.pddl,files/numeric/real-ipc-2023/block-grouping/instances/pfile15.pddl
PATTY-G-nei,numeric/real-ipc-2023/farmland,files/numeric/real-ipc-2023/farmland/domain.pddl,files/numeric/real-ipc-2023/farmland/instances/pfile18.pddl
PATTY-G-nei-chrpa,numeric/real-ipc-2023/zenotravel,files/numeric/real-ipc-2023/zenotravel/domain.pddl,files/numeric/real-ipc-2023/zenotravel/instances/pfile6.pddl
PATTY-G-nei,numeric/line-exchange,files/numeric/line-exchange/domain.pddl,files/numeric/line-exchange/instances/5_5_90_10.pddl
PATTY-B-npc,numeric/real-ipc-2023/zenotravel,files/numeric/real-ipc-2023/zenotravel/domain.pddl,files/numeric/real-ipc-2023/zenotravel/instances/pfile1.pddl
PATTY-G-nei-chrpa,numeric/real-ipc-2023/settlers-compiled,files/numeric/real-ipc-2023/settlers-compiled/domain.pddl,files/numeric/real-ipc-2023/settlers-compiled/instances/pfile15.pddl
PATTY-B-npc,numeric/real-ipc-2023/farmland,files/numeric/real-ipc-2023/farmland/domain.pddl,files/numeric/real-ipc-2023/farmland/instances/pfile8.pddl
PATTY-B-npc,numeric/real-ipc-2023/sugar,files/numeric/real-ipc-2023/sugar/domain.pddl,files/numeric/real-ipc-2023/sugar/instances/pfile16.pddl
PATTY-G-nei-chrpa,numeric/real-ipc-2023/block-grouping,files/numeric/real-ipc-2023/block-grouping/domain.pddl,files/numeric/real-ipc-2023/block-grouping/instances/pfile2.pddl
PATTY-B-npc,numeric/real-ipc-2023/ext-plant-watering,files/numeric/real-ipc-2023/ext-plant-watering/domain.pddl,files/numeric/real-ipc-2023/ext-plant-watering/instances/pfile19.pddl
PATTY-B-npc-chrpa,numeric/real-ipc-2023/counters,files/numeric/real-ipc-2023/counters/domain.pddl,files/numeric/real-ipc-2023/counters/instances/pfile5.pddl
PATTY-B-npc-chrpa,numeric/real-ipc-2023/tpp,files/numeric/real-ipc-2023/tpp/domain.pddl,files/numeric/real-ipc-2023/tpp/instances/pfile4.pddl
PATTY-G-nei,numeric/real-ipc-2023/delivery,files/numeric/real-ipc-2023/delivery/domain.pddl,files/numeric/real-ipc-2023/delivery/instances/pfile6.pddl
PATTY-B-npc-chrpa,numeric/real-ipc-2023/delivery,files/numeric/real-ipc-2023/delivery/domain.pddl,files/numeric/real-ipc-2023/delivery/instances/pfile5.pddl
PATTY-B-npc-chrpa,numeric/real-ipc-2023/settlers-compiled,files/numeric/real-ipc-2023/settlers-compiled/domain.pddl,files/numeric/real-ipc-2023/settlers-compiled/instances/pfile1.pddl
PATTY-B-npc,numeric/real-ipc-2023/farmland,files/numeric/real-ipc-2023/farmland/domain.pddl,files/numeric/real-ipc-2023/farmland/instances/pfile13.pddl
PATTY-G-nei,numeric/real-ipc-2023/drone,files/numeric/real-ipc-2023/drone/domain.pddl,files/numeric/real-ipc-2023/drone/instances/pfile5.pddl
PATTY-B-npc-chrpa,numeric/real-ipc-2023/block-grouping,files/numeric/real-ipc-2023/block-grouping/domain.pddl,files/numeric/real-ipc-2023/block-grouping/instances/pfile18.pddl
PATTY-G-nei,numeric/real-ipc-2023/delivery,files/numeric/real-ipc-2023/delivery/domain.pddl,files/numeric/real-ipc-2023/delivery/instances/pfile11.pddl
PATTY-B-npc-chrpa,numeric/real-ipc-2023/zenotravel,files/numeric/real-ipc-2023/zenotravel/domain.pddl,files/numeric/real-ipc-2023/zenotravel/instances/pfile17.pddl
PATTY-G-nei-chrpa,numeric/real-ipc-2023/mprime,files/numeric/real-ipc-2023/mprime/domain.pddl,files/numeric/real-ipc-2023/mprime/instances/pfile4.pddl
PATTY-B-npc-chrpa,numeric/real-ipc-2023/sailing,files/numeric/real-ipc-2023/sailing/domain.pddl,files/numeric/real-ipc-2023/sailing/instances/pfile13.pddl
PATTY-G-nei,numeric/real-ipc-2023/drone,files/numeric/real-ipc-2023/drone/domain.pddl,files/numeric/real-ipc-2023/drone/instances/pfile14.pddl
PATTY-G-nei-chrpa,numeric/real-ipc-2023/drone,files/numeric/real-ipc-2023/drone/domain.pddl,files/numeric/real-ipc-2023/drone/instances/pfile3.pddl
PATTY-B-npc-chrpa,numeric/real-ipc-2023/farmland,files/numeric/real-ipc-2023/farmland/domain.pddl,files/numeric/real-ipc-2023/farmland/instances/pfile17.pddl
PATTY-B-npc,numeric/real-ipc-2023/tpp,files/numeric/real-ipc-2023/tpp/domain.pddl,files/numeric/real-ipc-2023/tpp/instances/pfile12.pddl
PATTY-B-npc,numeric/real-ipc-2023/settlersnumeric,files/numeric/real-ipc-2023/settlersnumeric/domain.pddl,files/numeric/real-ipc-2023/settlersnumeric/instances/pfile10.pddl
PATTY-B-npc,numeric/real-ipc-2023/markettrader,files/numeric/real-ipc-2023/markettrader/domain.pddl,files/numeric/real-ipc-2023/markettrader/instances/pfile1.pddl
PATTY-G-nei,numeric/real-ipc-2023/hydropower,files/numeric/real-ipc-2023/hydropower/domain.pddl,files/numeric/real-ipc-2023/hydropower/instances/pfile10.pddl
PATTY-G-nei-chrpa,numeric/real-ipc-2023/sailing,files/numeric/real-ipc-2023/sailing/domain.pddl,files/numeric/real-ipc-2023/sailing/instances/pfile11.pddl
PATTY-B-npc,numeric/real-ipc-2023/fo-sailing,files/numeric/real-ipc-2023/fo-sailing/domain.pddl,files/numeric/real-ipc-2023/fo-sailing/instances/pfile15.pddl
PATTY-G-nei-chrpa,numeric/real-ipc-2023/fo-counters,files/numeric/real-ipc-2023/fo-counters/domain.pddl,files/numeric/real-ipc-2023/fo-counters/instances/pfile17.pddl
PATTY-B-npc-chrpa,numeric/real-ipc-2023/farmland,files/numeric/real-ipc-2023/farmland/domain.pddl,files/numeric/real-ipc-2023/farmland/instances/pfile15.pddl
PATTY-G-nei,numeric/real-ipc-2023/fo-counters,files/numeric/real-ipc-2023/fo-counters/domain.pddl,files/numeric/real-ipc-2023/fo-counters/instances/pfile16.pddl
PATTY-B-npc-chrpa,numeric/real-ipc-2023/settlers-compiled,files/numeric/real-ipc-2023/settlers-compiled/domain.pddl,files/numeric/real-ipc-2023/settlers-compiled/instances/pfile14.pddl
PATTY-G-nei,numeric/real-ipc-2023/pathwaysmetric,files/numeric/real-ipc-2023/pathwaysmetric/domain.pddl,files/numeric/real-ipc-2023/pathwaysmetric/instances/pfile3.pddl
PATTY-G-nei-chrpa,numeric/real-ipc-2023/sugar,files/numeric/real-ipc-2023/sugar/domain.pddl,files/numeric/real-ipc-2023/sugar/instances/pfile4.pddl
PATTY-B-npc-chrpa,numeric/real-ipc-2023/drone,files/numeric/real-ipc-2023/drone/domain.pddl,files/numeric/real-ipc-2023/drone/instances/pfile9.pddl
PATTY-B-npc,numeric/real-ipc-2023/fo-farmland,files/numeric/real-ipc-2023/fo-farmland/domain.pddl,files/numeric/real-ipc-2023/fo-farmland/instances/pfile8.pddl
PATTY-G-nei-chrpa,numeric/real-ipc-2023/delivery,files/numeric/real-ipc-2023/delivery/domain.pddl,files/numeric/real-ipc-2023/delivery/instances/pfile12.pddl
PATTY-B-npc-chrpa,numeric/real-ipc-2023/sugar,files/numeric/real-ipc-2023/sugar/domain.pddl,files/numeric/real-ipc-2023/sugar/instances/pfile2.pddl
PATTY-B-npc-chrpa,numeric/real-ipc-2023/markettrader,files/numeric/real-ipc-2023/markettrader/domain.pddl,files/numeric/real-ipc-2023/markettrader/instances/pfile2.pddl
PATTY-B-npc,numeric/real-ipc-2023/expedition,files/numeric/real-ipc-2023/expedition/domain.pddl,files/numeric/real-ipc-2023/expedition/instances/pfile11.pddl
PATTY-B-npc,numeric/real-ipc-2023/block-grouping,files/numeric/real-ipc-2023/block-grouping/domain.pddl,files/numeric/real-ipc-2023/block-grouping/instances/pfile18.pddl
PATTY-G-nei,numeric/real-ipc-2023/delivery,files/numeric/real-ipc-2023/delivery/domain.pddl,files/numeric/real-ipc-2023/delivery/instances/pfile19.pddl
PATTY-B-npc,numeric/real-ipc-2023/fo-farmland,files/numeric/real-ipc-2023/fo-farmland/domain.pddl,files/numeric/real-ipc-2023/fo-farmland/instances/pfile10.pddl
PATTY-G-nei-chrpa,numeric/real-ipc-2023/counters,files/numeric/real-ipc-2023/counters/domain.pddl,files/numeric/real-ipc-2023/counters/instances/pfile11.pddl
PATTY-B-npc,numeric/real-ipc-2023/rover,files/numeric/real-ipc-2023/rover/domain.pddl,files/numeric/real-ipc-2023/rover/instances/pfile5.pddl
PATTY-B-npc,numeric/real-ipc-2023/markettrader,files/numeric/real-ipc-2023/markettrader/domain.pddl,files/numeric/real-ipc-2023/markettrader/instances/pfile20.pddl
PATTY-G-nei,numeric/real-ipc-2023/farmland,files/numeric/real-ipc-2023/farmland/domain.pddl,files/numeric/real-ipc-2023/farmland/instances/pfile8.pddl
PATTY-B-npc-chrpa,numeric/real-ipc-2023/mprime,files/numeric/real-ipc-2023/mprime/domain.pddl,files/numeric/real-ipc-2023/mprime/instances/pfile10.pddl
PATTY-G-nei,numeric/line-exchange,files/numeric/line-exchange/domain.pddl,files/numeric/line-exchange/instances/3_10_50_10.pddl
PATTY-B-npc-chrpa,numeric/real-ipc-2023/expedition,files/numeric/real-ipc-2023/expedition/domain.pddl,files/numeric/real-ipc-2023/expedition/instances/pfile3.pddl
PATTY-B-npc-chrpa,numeric/real-ipc-2023/hydropower,files/numeric/real-ipc-2023/hydropower/domain.pddl,files/numeric/real-ipc-2023/hydropower/instances/pfile10.pddl
PATTY-G-nei,numeric/real-ipc-2023/fo-sailing,files/numeric/real-ipc-2023/fo-sailing/domain.pddl,files/numeric/real-ipc-2023/fo-sailing/instances/pfile14.pddl
PATTY-B-npc-chrpa,numeric/real-ipc-2023/sailing,files/numeric/real-ipc-2023/sailing/domain.pddl,files/numeric/real-ipc-2023/sailing/instances/pfile15.pddl
PATTY-B-npc,numeric/line-exchange,files/numeric/line-exchange/domain.pddl,files/numeric/line-exchange/instances/4_10_50_50.pddl
PATTY-B-npc-chrpa,numeric/real-ipc-2023/farmland,files/numeric/real-ipc-2023/farmland/domain.pddl,files/numeric/real-ipc-2023/farmland/instances/pfile2.pddl
PATTY-G-nei-chrpa,numeric/real-ipc-2023/mprime,files/numeric/real-ipc-2023/mprime/domain.pddl,files/numeric/real-ipc-2023/mprime/instances/pfile9.pddl
PATTY-G-nei,numeric/real-ipc-2023/tpp,files/numeric/real-ipc-2023/tpp/domain.pddl,files/numeric/real-ipc-2023/tpp/instances/pfile10.pddl
PATTY-G-nei-chrpa,numeric/real-ipc-2023/rover,files/numeric/real-ipc-2023/rover/domain.pddl,files/numeric/real-ipc-2023/rover/instances/pfile3.pddl
PATTY-B-npc,numeric/real-ipc-2023/ext-plant-watering,files/numeric/real-ipc-2023/ext-plant-watering/domain.pddl,files/numeric/real-ipc-2023/ext-plant-watering/instances/pfile4.pddl
PATTY-G-nei,numeric/real-ipc-2023/settlers-compiled,files/numeric/real-ipc-2023/settlers-compiled/domain.pddl,files/numeric/real-ipc-2023/settlers-compiled/instances/pfile12.pddl
PATTY-B-npc-chrpa,numeric/real-ipc-2023/counters,files/numeric/real-ipc-2023/counters/domain.pddl,files/numeric/real-ipc-2023/counters/instances/pfile6.pddl
PATTY-G-nei-chrpa,numeric/real-ipc-2023/fo-counters,files/numeric/real-ipc-2023/fo-counters/domain.pddl,files/numeric/real-ipc-2023/fo-counters/instances/pfile20.pddl
PATTY-B-npc,numeric/real-ipc-2023/pathwaysmetric,files/numeric/real-ipc-2023/pathwaysmetric/domain.pddl,files/numeric/real-ipc-2023/pathwaysmetric/instances/pfile20.pddl
PATTY-B-npc-chrpa,numeric/real-ipc-2023/drone,files/numeric/real-ipc-2023/drone/domain.pddl,files/numeric/real-ipc-2023/drone/instances/pfile11.pddl
PATTY-G-nei,numeric/real-ipc-2023/rover,files/numeric/real-ipc-2023/rover/domain.pddl,files/numeric/real-ipc-2023/rover/instances/pfile3.pddl
PATTY-B-npc,numeric/real-ipc-2023/delivery,files/numeric/real-ipc-2023/delivery/domain.pddl,files/numeric/real-ipc-2023/delivery/instances/pfile19.pddl
PATTY-G-nei,numeric/real-ipc-2023/fo-sailing,files/numeric/real-ipc-2023/fo-sailing/domain.pddl,files/numeric/real-ipc-2023/fo-sailing/instances/pfile11.pddl
PATTY-B-npc,numeric/real-ipc-2023/zenotravel,files/numeric/real-ipc-2023/zenotravel/domain.pddl,files/numeric/real-ipc-2023/zenotravel/instances/pfile10.pddl
PATTY-B-npc-chrpa,numeric/real-ipc-2023/mprime,files/numeric/real-ipc-2023/mprime/domain.pddl,files/numeric/real-ipc-2023/mprime/instances/pfile12.pddl
PATTY-B-npc,numeric/real-ipc-2023/ext-plant-watering,files/numeric/real-ipc-2023/ext-plant-watering/domain.pddl,files/numeric/real-ipc-2023/ext-plant-watering/instances/pfile9.pddl
PATTY-G-nei-chrpa,numeric/real-ipc-2023/sailing,files/numeric/real-ipc-2023/sailing/domain.pddl,files/numeric/real-ipc-2023/sailing/instances/pfile20.pddl
PATTY-G-nei-chrpa,numeric/real-ipc-2023/block-grouping,files/numeric/real-ipc-2023/block-grouping/domain.pddl,files/numeric/real-ipc-2023/block-grouping/instances/pfile5.pddl
PATTY-G-nei-chrpa,numeric/real-ipc-2023/fo-sailing,files/numeric/real-ipc-2023/fo-sailing/domain.pddl,files/numeric/real-ipc-2023/fo-sailing/instances/pfile4.pddl
PATTY-B-npc,numeric/real-ipc-2023/sugar,files/numeric/real-ipc-2023/sugar/domain.pddl,files/numeric/real-ipc-2023/sugar/instances/pfile13.pddl
PATTY-G-nei-chrpa,numeric/real-ipc-2023/ext-plant-watering,files/numeric/real-ipc-2023/ext-plant-watering/domain.pddl,files/numeric/real-ipc-2023/ext-plant-watering/instances/pfile13.pddl
PATTY-B-npc-chrpa,numeric/real-ipc-2023/ext-plant-watering,files/numeric/real-ipc-2023/ext-plant-watering/domain.pddl,files/numeric/real-ipc-2023/ext-plant-watering/instances/pfile12.pddl
PATTY-G-nei,numeric/real-ipc-2023/expedition,files/numeric/real-ipc-2023/expedition/domain.pddl,files/numeric/real-ipc-2023/expedition/instances/pfile8.pddl
PATTY-G-nei,numeric/line-exchange,files/numeric/line-exchange/domain.pddl,files/numeric/line-exchange/instances/5_10_50_100.pddl
PATTY-B-npc-chrpa,numeric/real-ipc-2023/fo-sailing,files/numeric/real-ipc-2023/fo-sailing/domain.pddl,files/numeric/real-ipc-2023/fo-sailing/instances/pfile15.pddl
PATTY-B-npc-chrpa,numeric/real-ipc-2023/hydropower,files/numeric/real-ipc-2023/hydropower/domain.pddl,files/numeric/real-ipc-2023/hydropower/instances/pfile12.pddl
PATTY-B-npc,numeric/real-ipc-2023/drone,files/numeric/real-ipc-2023/drone/domain.pddl,files/numeric/real-ipc-2023/drone/instances/pfile6.pddl
PATTY-B-npc,numeric/real-ipc-2023/pathwaysmetric,files/numeric/real-ipc-2023/pathwaysmetric/domain.pddl,files/numeric/real-ipc-2023/pathwaysmetric/instances/pfile11.pddl
PATTY-B-npc-chrpa,numeric/real-ipc-2023/fo-counters,files/numeric/real-ipc-2023/fo-counters/domain.pddl,files/numeric/real-ipc-2023/fo-counters/instances/pfile3.pddl
PATTY-G-nei,numeric/real-ipc-2023/sugar,files/numeric/real-ipc-2023/sugar/domain.pddl,files/numeric/real-ipc-2023/sugar/instances/pfile18.pddl
PATTY-G-nei,numeric/real-ipc-2023/hydropower,files/numeric/real-ipc-2023/hydropower/domain.pddl,files/numeric/real-ipc-2023/hydropower/instances/pfile5.pddl
PATTY-B-npc-chrpa,numeric/real-ipc-2023/counters,files/numeric/real-ipc-2023/counters/domain.pddl,files/numeric/real-ipc-2023/counters/instances/pfile10.pddl
PATTY-B-npc-chrpa,numeric/real-ipc-2023/delivery,files/numeric/real-ipc-2023/delivery/domain.pddl,files/numeric/real-ipc-2023/delivery/instances/pfile14.pddl
PATTY-B-npc-chrpa,numeric/real-ipc-2023/farmland,files/numeric/real-ipc-2023/farmland/domain.pddl,files/numeric/real-ipc-2023/farmland/instances/pfile18.pddl
PATTY-B-npc,numeric/real-ipc-2023/counters,files/numeric/real-ipc-2023/counters/domain.pddl,files/numeric/real-ipc-2023/counters/instances/pfile19.pddl
PATTY-B-npc-chrpa,numeric/real-ipc-2023/markettrader,files/numeric/real-ipc-2023/markettrader/domain.pddl,files/numeric/real-ipc-2023/markettrader/instances/pfile16.pddl
PATTY-G-nei-chrpa,numeric/real-ipc-2023/farmland,files/numeric/real-ipc-2023/farmland/domain.pddl,files/numeric/real-ipc-2023/farmland/instances/pfile18.pddl
PATTY-B-npc,numeric/real-ipc-2023/fo-sailing,files/numeric/real-ipc-2023/fo-sailing/domain.pddl,files/numeric/real-ipc-2023/fo-sailing/instances/pfile9.pddl
PATTY-B-npc-chrpa,numeric/real-ipc-2023/mprime,files/numeric/real-ipc-2023/mprime/domain.pddl,files/numeric/real-ipc-2023/mprime/instances/pfile20.pddl
PATTY-B-npc,numeric/real-ipc-2023/counters,files/numeric/real-ipc-2023/counters/domain.pddl,files/numeric/real-ipc-2023/counters/instances/pfile15.pddl
PATTY-G-nei,numeric/real-ipc-2023/fo-sailing,files/numeric/real-ipc-2023/fo-sailing/domain.pddl,files/numeric/real-ipc-2023/fo-sailing/instances/pfile19.pddl
PATTY-G-nei-chrpa,numeric/real-ipc-2023/hydropower,files/numeric/real-ipc-2023/hydropower/domain.pddl,files/numeric/real-ipc-2023/hydropower/instances/pfile16.pddl
PATTY-G-nei-chrpa,numeric/real-ipc-2023/farmland,files/numeric/real-ipc-2023/farmland/domain.pddl,files/numeric/real-ipc-2023/farmland/instances/pfile12.pddl
PATTY-G-nei-chrpa,numeric/real-ipc-2023/zenotravel,files/numeric/real-ipc-2023/zenotravel/domain.pddl,files/numeric/real-ipc-2023/zenotravel/instances/pfile3.pddl
PATTY-B-npc-chrpa,numeric/real-ipc-2023/drone,files/numeric/real-ipc-2023/drone/domain.pddl,files/numeric/real-ipc-2023/drone/instances/pfile14.pddl
PATTY-B-npc,numeric/real-ipc-2023/farmland,files/numeric/real-ipc-2023/farmland/domain.pddl,files/numeric/real-ipc-2023/farmland/instances/pfile19.pddl
PATTY-G-nei,numeric/real-ipc-2023/zenotravel,files/numeric/real-ipc-2023/zenotravel/domain.pddl,files/numeric/real-ipc-2023/zenotravel/instances/pfile13.pddl
PATTY-G-nei,numeric/real-ipc-2023/farmland,files/numeric/real-ipc-2023/farmland/domain.pddl,files/numeric/real-ipc-2023/farmland/instances/pfile11.pddl
PATTY-G-nei,numeric/real-ipc-2023/block-grouping,files/numeric/real-ipc-2023/block-grouping/domain.pddl,files/numeric/real-ipc-2023/block-grouping/instances/pfile8.pddl
PATTY-G-nei-chrpa,numeric/real-ipc-2023/tpp,files/numeric/real-ipc-2023/tpp/domain.pddl,files/numeric/real-ipc-2023/tpp/instances/pfile17.pddl
PATTY-B-npc,numeric/real-ipc-2023/delivery,files/numeric/real-ipc-2023/delivery/domain.pddl,files/numeric/real-ipc-2023/delivery/instances/pfile7.pddl
PATTY-B-npc-chrpa,numeric/real-ipc-2023/sailing,files/numeric/real-ipc-2023/sailing/domain.pddl,files/numeric/real-ipc-2023/sailing/instances/pfile2.pddl
PATTY-B-npc-chrpa,numeric/real-ipc-2023/fo-farmland,files/numeric/real-ipc-2023/fo-farmland/domain.pddl,files/numeric/real-ipc-2023/fo-farmland/instances/pfile8.pddl
PATTY-B-npc,numeric/real-ipc-2023/zenotravel,files/numeric/real-ipc-2023/zenotravel/domain.pddl,files/numeric/real-ipc-2023/zenotravel/instances/pfile18.pddl
PATTY-G-nei-chrpa,numeric/real-ipc-2023/zenotravel,files/numeric/real-ipc-2023/zenotravel/domain.pddl,files/numeric/real-ipc-2023/zenotravel/instances/pfile11.pddl
PATTY-G-nei-chrpa,numeric/real-ipc-2023/counters,files/numeric/real-ipc-2023/counters/domain.pddl,files/numeric/real-ipc-2023/counters/instances/pfile17.pddl
PATTY-G-nei,numeric/real-ipc-2023/sailing,files/numeric/real-ipc-2023/sailing/domain.pddl,files/numeric/real-ipc-2023/sailing/instances/pfile15.pddl
PATTY-B-npc,numeric/real-ipc-2023/hydropower,files/numeric/real-ipc-2023/hydropower/domain.pddl,files/numeric/real-ipc-2023/hydropower/instances/pfile17.pddl
PATTY-B-npc-chrpa,numeric/real-ipc-2023/fo-farmland,files/numeric/real-ipc-2023/fo-farmland/domain.pddl,files/numeric/real-ipc-2023/fo-farmland/instances/pfile3.pddl
PATTY-B-npc,numeric/real-ipc-2023/mprime,files/numeric/real-ipc-2023/mprime/domain.pddl,files/numeric/real-ipc-2023/mprime/instances/pfile20.pddl
PATTY-B-npc-chrpa,numeric/real-ipc-2023/fo-sailing,files/numeric/real-ipc-2023/fo-sailing/domain.pddl,files/numeric/real-ipc-2023/fo-sailing/instances/pfile16.pddl
PATTY-G-nei,numeric/real-ipc-2023/markettrader,files/numeric/real-ipc-2023/markettrader/domain.pddl,files/numeric/real-ipc-2023/markettrader/instances/pfile8.pddl
PATTY-G-nei,numeric/real-ipc-2023/settlers-compiled,files/numeric/real-ipc-2023/settlers-compiled/domain.pddl,files/numeric/real-ipc-2023/settlers-compiled/instances/pfile1.pddl
PATTY-B-npc,numeric/real-ipc-2023/block-grouping,files/numeric/real-ipc-2023/block-grouping/domain.pddl,files/numeric/real-ipc-2023/block-grouping/instances/pfile11.pddl
PATTY-G-nei-chrpa,numeric/real-ipc-2023/hydropower,files/numeric/real-ipc-2023/hydropower/domain.pddl,files/numeric/real-ipc-2023/hydropower/instances/pfile10.pddl
PATTY-B-npc,numeric/real-ipc-2023/fo-farmland,files/numeric/real-ipc-2023/fo-farmland/domain.pddl,files/numeric/real-ipc-2023/fo-farmland/instances/pfile3.pddl
PATTY-B-npc-chrpa,numeric/real-ipc-2023/fo-farmland,files/numeric/real-ipc-2023/fo-farmland/domain.pddl,files/numeric/real-ipc-2023/fo-farmland/instances/pfile7.pddl
PATTY-B-npc-chrpa,numeric/real-ipc-2023/block-grouping,files/numeric/real-ipc-2023/block-grouping/domain.pddl,files/numeric/real-ipc-2023/block-grouping/instances/pfile11.pddl
PATTY-B-npc-chrpa,numeric/real-ipc-2023/zenotravel,files/numeric/real-ipc-2023/zenotravel/domain.pddl,files/numeric/real-ipc-2023/zenotravel/instances/pfile4.pddl
PATTY-B-npc-chrpa,numeric/real-ipc-2023/settlers-compiled,files/numeric/real-ipc-2023/settlers-compiled/domain.pddl,files/numeric/real-ipc-2023/settlers-compiled/instances/pfile12.pddl
PATTY-G-nei,numeric/real-ipc-2023/ext-plant-watering,files/numeric/real-ipc-2023/ext-plant-watering/domain.pddl,files/numeric/real-ipc-2023/ext-plant-watering/instances/pfile19.pddl
PATTY-B-npc,numeric/real-ipc-2023/settlersnumeric,files/numeric/real-ipc-2023/settlersnumeric/domain.pddl,files/numeric/real-ipc-2023/settlersnumeric/instances/pfile20.pddl
PATTY-G-nei-chrpa,numeric/real-ipc-2023/fo-sailing,files/numeric/real-ipc-2023/fo-sailing/domain.pddl,files/numeric/real-ipc-2023/fo-sailing/instances/pfile20.pddl
PATTY-G-nei-chrpa,numeric/real-ipc-2023/markettrader,files/numeric/real-ipc-2023/markettrader/domain.pddl,files/numeric/real-ipc-2023/markettrader/instances/pfile15.pddl
PATTY-G-nei,numeric/real-ipc-2023/pathwaysmetric,files/numeric/real-ipc-2023/pathwaysmetric/domain.pddl,files/numeric/real-ipc-2023/pathwaysmetric/instances/pfile11.pddl
PATTY-B-npc-chrpa,numeric/real-ipc-2023/settlers-compiled,files/numeric/real-ipc-2023/settlers-compiled/domain.pddl,files/numeric/real-ipc-2023/settlers-compiled/instances/pfile19.pddl
PATTY-B-npc,numeric/real-ipc-2023/settlersnumeric,files/numeric/real-ipc-2023/settlersnumeric/domain.pddl,files/numeric/real-ipc-2023/settlersnumeric/instances/pfile7.pddl
PATTY-B-npc,numeric/real-ipc-2023/fo-farmland,files/numeric/real-ipc-2023/fo-farmland/domain.pddl,files/numeric/real-ipc-2023/fo-farmland/instances/pfile14.pddl
PATTY-B-npc-chrpa,numeric/real-ipc-2023/counters,files/numeric/real-ipc-2023/counters/domain.pddl,files/numeric/real-ipc-2023/counters/instances/pfile18.pddl
PATTY-B-npc,numeric/real-ipc-2023/delivery,files/numeric/real-ipc-2023/delivery/domain.pddl,files/numeric/real-ipc-2023/delivery/instances/pfile11.pddl
PATTY-G-nei,numeric/real-ipc-2023/fo-sailing,files/numeric/real-ipc-2023/fo-sailing/domain.pddl,files/numeric/real-ipc-2023/fo-sailing/instances/pfile3.pddl
PATTY-G-nei,numeric/real-ipc-2023/zenotravel,files/numeric/real-ipc-2023/zenotravel/domain.pddl,files/numeric/real-ipc-2023/zenotravel/instances/pfile17.pddl
PATTY-G-nei-chrpa,numeric/real-ipc-2023/delivery,files/numeric/real-ipc-2023/delivery/domain.pddl,files/numeric/real-ipc-2023/delivery/instances/pfile8.pddl
PATTY-G-nei-chrpa,numeric/real-ipc-2023/ext-plant-watering,files/numeric/real-ipc-2023/ext-plant-watering/domain.pddl,files/numeric/real-ipc-2023/ext-plant-watering/instances/pfile11.pddl
PATTY-G-nei-chrpa,numeric/real-ipc-2023/fo-counters,files/numeric/real-ipc-2023/fo-counters/domain.pddl,files/numeric/real-ipc-2023/fo-counters/instances/pfile9.pddl
PATTY-B-npc-chrpa,numeric/real-ipc-2023/pathwaysmetric,files/numeric/real-ipc-2023/pathwaysmetric/domain.pddl,files/numeric/real-ipc-2023/pathwaysmetric/instances/pfile2.pddl
PATTY-G-nei-chrpa,numeric/real-ipc-2023/counters,files/numeric/real-ipc-2023/counters/domain.pddl,files/numeric/real-ipc-2023/counters/instances/pfile1.pddl
PATTY-G-nei-chrpa,numeric/line-exchange,files/numeric/line-exchange/domain.pddl,files/numeric/line-exchange/instances/5_5_25_100.pddl
PATTY-G-nei-chrpa,numeric/real-ipc-2023/block-grouping,files/numeric/real-ipc-2023/block-grouping/domain.pddl,files/numeric/real-ipc-2023/block-grouping/instances/pfile11.pddl
PATTY-B-npc-chrpa,numeric/real-ipc-2023/rover,files/numeric/real-ipc-2023/rover/domain.pddl,files/numeric/real-ipc-2023/rover/instances/pfile19.pddl
PATTY-G-nei,numeric/line-exchange,files/numeric/line-exchange/domain.pddl,files/numeric/line-exchange/instances/4_15_90_50.pddl
PATTY-B-npc-chrpa,numeric/real-ipc-2023/fo-counters,files/numeric/real-ipc-2023/fo-counters/domain.pddl,files/numeric/real-ipc-2023/fo-counters/instances/pfile2.pddl
PATTY-G-nei-chrpa,numeric/real-ipc-2023/tpp,files/numeric/real-ipc-2023/tpp/domain.pddl,files/numeric/real-ipc-2023/tpp/instances/pfile3.pddl
PATTY-B-npc,numeric/real-ipc-2023/settlersnumeric,files/numeric/real-ipc-2023/settlersnumeric/domain.pddl,files/numeric/real-ipc-2023/settlersnumeric/instances/pfile3.pddl
PATTY-G-nei-chrpa,numeric/real-ipc-2023/mprime,files/numeric/real-ipc-2023/mprime/domain.pddl,files/numeric/real-ipc-2023/mprime/instances/pfile15.pddl
PATTY-G-nei,numeric/real-ipc-2023/zenotravel,files/numeric/real-ipc-2023/zenotravel/domain.pddl,files/numeric/real-ipc-2023/zenotravel/instances/pfile2.pddl
PATTY-G-nei-chrpa,numeric/real-ipc-2023/farmland,files/numeric/real-ipc-2023/farmland/domain.pddl,files/numeric/real-ipc-2023/farmland/instances/pfile16.pddl
PATTY-B-npc-chrpa,numeric/real-ipc-2023/delivery,files/numeric/real-ipc-2023/delivery/domain.pddl,files/numeric/real-ipc-2023/delivery/instances/pfile2.pddl
PATTY-G-nei-chrpa,numeric/real-ipc-2023/hydropower,files/numeric/real-ipc-2023/hydropower/domain.pddl,files/numeric/real-ipc-2023/hydropower/instances/pfile15.pddl
PATTY-G-nei,numeric/real-ipc-2023/mprime,files/numeric/real-ipc-2023/mprime/domain.pddl,files/numeric/real-ipc-2023/mprime/instances/pfile1.pddl
PATTY-G-nei-chrpa,numeric/real-ipc-2023/sugar,files/numeric/real-ipc-2023/sugar/domain.pddl,files/numeric/real-ipc-2023/sugar/instances/pfile13.pddl
PATTY-B-npc-chrpa,numeric/line-exchange,files/numeric/line-exchange/domain.pddl,files/numeric/line-exchange/instances/4_10_90_100.pddl
PATTY-B-npc-chrpa,numeric/real-ipc-2023/markettrader,files/numeric/real-ipc-2023/markettrader/domain.pddl,files/numeric/real-ipc-2023/markettrader/instances/pfile8.pddl
PATTY-G-nei,numeric/real-ipc-2023/zenotravel,files/numeric/real-ipc-2023/zenotravel/domain.pddl,files/numeric/real-ipc-2023/zenotravel/instances/pfile5.pddl
PATTY-G-nei,numeric/real-ipc-2023/ext-plant-watering,files/numeric/real-ipc-2023/ext-plant-watering/domain.pddl,files/numeric/real-ipc-2023/ext-plant-watering/instances/pfile3.pddl
PATTY-G-nei,numeric/real-ipc-2023/rover,files/numeric/real-ipc-2023/rover/domain.pddl,files/numeric/real-ipc-2023/rover/instances/pfile14.pddl
PATTY-B-npc,numeric/real-ipc-2023/zenotravel,files/numeric/real-ipc-2023/zenotravel/domain.pddl,files/numeric/real-ipc-2023/zenotravel/instances/pfile3.pddl
PATTY-G-nei-chrpa,numeric/real-ipc-2023/block-grouping,files/numeric/real-ipc-2023/block-grouping/domain.pddl,files/numeric/real-ipc-2023/block-grouping/instances/pfile16.pddl
PATTY-G-nei,numeric/real-ipc-2023/sugar,files/numeric/real-ipc-2023/sugar/domain.pddl,files/numeric/real-ipc-2023/sugar/instances/pfile17.pddl
PATTY-G-nei,numeric/real-ipc-2023/zenotravel,files/numeric/real-ipc-2023/zenotravel/domain.pddl,files/numeric/real-ipc-2023/zenotravel/instances/pfile4.pddl
PATTY-B-npc,numeric/real-ipc-2023/farmland,files/numeric/real-ipc-2023/farmland/domain.pddl,files/numeric/real-ipc-2023/farmland/instances/pfile2.pddl
PATTY-B-npc-chrpa,numeric/real-ipc-2023/sugar,files/numeric/real-ipc-2023/sugar/domain.pddl,files/numeric/real-ipc-2023/sugar/instances/pfile20.pddl
PATTY-B-npc,numeric/real-ipc-2023/zenotravel,files/numeric/real-ipc-2023/zenotravel/domain.pddl,files/numeric/real-ipc-2023/zenotravel/instances/pfile13.pddl
PATTY-G-nei,numeric/real-ipc-2023/fo-farmland,files/numeric/real-ipc-2023/fo-farmland/domain.pddl,files/numeric/real-ipc-2023/fo-farmland/instances/pfile16.pddl
PATTY-B-npc-chrpa,numeric/real-ipc-2023/fo-farmland,files/numeric/real-ipc-2023/fo-farmland/domain.pddl,files/numeric/real-ipc-2023/fo-farmland/instances/pfile17.pddl
PATTY-G-nei-chrpa,numeric/real-ipc-2023/ext-plant-watering,files/numeric/real-ipc-2023/ext-plant-watering/domain.pddl,files/numeric/real-ipc-2023/ext-plant-watering/instances/pfile3.pddl
PATTY-B-npc,numeric/real-ipc-2023/drone,files/numeric/real-ipc-2023/drone/domain.pddl,files/numeric/real-ipc-2023/drone/instances/pfile12.pddl
PATTY-G-nei-chrpa,numeric/real-ipc-2023/counters,files/numeric/real-ipc-2023/counters/domain.pddl,files/numeric/real-ipc-2023/counters/instances/pfile16.pddl
PATTY-G-nei-chrpa,numeric/real-ipc-2023/settlers-compiled,files/numeric/real-ipc-2023/settlers-compiled/domain.pddl,files/numeric/real-ipc-2023/settlers-compiled/instances/pfile12.pddl
PATTY-B-npc,numeric/real-ipc-2023/settlersnumeric,files/numeric/real-ipc-2023/settlersnumeric/domain.pddl,files/numeric/real-ipc-2023/settlersnumeric/instances/pfile19.pddl
PATTY-B-npc,numeric/line-exchange,files/numeric/line-exchange/domain.pddl,files/numeric/line-exchange/instances/5_5_90_10.pddl
PATTY-B-npc,numeric/real-ipc-2023/counters,files/numeric/real-ipc-2023/counters/domain.pddl,files/numeric/real-ipc-2023/counters/instances/pfile17.pddl
PATTY-B-npc,numeric/real-ipc-2023/farmland,files/numeric/real-ipc-2023/farmland/domain.pddl,files/numeric/real-ipc-2023/farmland/instances/pfile17.pddl
PATTY-G-nei,numeric/real-ipc-2023/sailing,files/numeric/real-ipc-2023/sailing/domain.pddl,files/numeric/real-ipc-2023/sailing/instances/pfile9.pddl
PATTY-B-npc-chrpa,numeric/real-ipc-2023/markettrader,files/numeric/real-ipc-2023/markettrader/domain.pddl,files/numeric/real-ipc-2023/markettrader/instances/pfile5.pddl
PATTY-G-nei,numeric/real-ipc-2023/settlers-compiled,files/numeric/real-ipc-2023/settlers-compiled/domain.pddl,files/numeric/real-ipc-2023/settlers-compiled/instances/pfile14.pddl
PATTY-G-nei,numeric/real-ipc-2023/markettrader,files/numeric/real-ipc-2023/markettrader/domain.pddl,files/numeric/real-ipc-2023/markettrader/instances/pfile13.pddl
PATTY-B-npc,numeric/real-ipc-2023/hydropower,files/numeric/real-ipc-2023/hydropower/domain.pddl,files/numeric/real-ipc-2023/hydropower/instances/pfile1.pddl
PATTY-B-npc-chrpa,numeric/real-ipc-2023/settlersnumeric,files/numeric/real-ipc-2023/settlersnumeric/domain.pddl,files/numeric/real-ipc-2023/settlersnumeric/instances/pfile6.pddl
PATTY-G-nei-chrpa,numeric/real-ipc-2023/block-grouping,files/numeric/real-ipc-2023/block-grouping/domain.pddl,files/numeric/real-ipc-2023/block-grouping/instances/pfile20.pddl
PATTY-B-npc-chrpa,numeric/real-ipc-2023/drone,files/numeric/real-ipc-2023/drone/domain.pddl,files/numeric/real-ipc-2023/drone/instances/pfile19.pddl
PATTY-G-nei,numeric/real-ipc-2023/sailing,files/numeric/real-ipc-2023/sailing/domain.pddl,files/numeric/real-ipc-2023/sailing/instances/pfile5.pddl
PATTY-G-nei-chrpa,numeric/real-ipc-2023/settlers-compiled,files/numeric/real-ipc-2023/settlers-compiled/domain.pddl,files/numeric/real-ipc-2023/settlers-compiled/instances/pfile1.pddl
PATTY-B-npc,numeric/real-ipc-2023/fo-counters,files/numeric/real-ipc-2023/fo-counters/domain.pddl,files/numeric/real-ipc-2023/fo-counters/instances/pfile14.pddl
PATTY-G-nei,numeric/real-ipc-2023/rover,files/numeric/real-ipc-2023/rover/domain.pddl,files/numeric/real-ipc-2023/rover/instances/pfile18.pddl
PATTY-B-npc,numeric/real-ipc-2023/block-grouping,files/numeric/real-ipc-2023/block-grouping/domain.pddl,files/numeric/real-ipc-2023/block-grouping/instances/pfile9.pddl
PATTY-B-npc,numeric/real-ipc-2023/tpp,files/numeric/real-ipc-2023/tpp/domain.pddl,files/numeric/real-ipc-2023/tpp/instances/pfile18.pddl
PATTY-B-npc,numeric/real-ipc-2023/pathwaysmetric,files/numeric/real-ipc-2023/pathwaysmetric/domain.pddl,files/numeric/real-ipc-2023/pathwaysmetric/instances/pfile6.pddl
PATTY-G-nei,numeric/real-ipc-2023/markettrader,files/numeric/real-ipc-2023/markettrader/domain.pddl,files/numeric/real-ipc-2023/markettrader/instances/pfile14.pddl
PATTY-G-nei,numeric/real-ipc-2023/block-grouping,files/numeric/real-ipc-2023/block-grouping/domain.pddl,files/numeric/real-ipc-2023/block-grouping/instances/pfile15.pddl
PATTY-G-nei,numeric/real-ipc-2023/delivery,files/numeric/real-ipc-2023/delivery/domain.pddl,files/numeric/real-ipc-2023/delivery/instances/pfile14.pddl
PATTY-G-nei,numeric/real-ipc-2023/hydropower,files/numeric/real-ipc-2023/hydropower/domain.pddl,files/numeric/real-ipc-2023/hydropower/instances/pfile4.pddl
PATTY-B-npc-chrpa,numeric/real-ipc-2023/farmland,files/numeric/real-ipc-2023/farmland/domain.pddl,files/numeric/real-ipc-2023/farmland/instances/pfile13.pddl
PATTY-B-npc,numeric/real-ipc-2023/markettrader,files/numeric/real-ipc-2023/markettrader/domain.pddl,files/numeric/real-ipc-2023/markettrader/instances/pfile3.pddl
PATTY-G-nei-chrpa,numeric/real-ipc-2023/settlersnumeric,files/numeric/real-ipc-2023/settlersnumeric/domain.pddl,files/numeric/real-ipc-2023/settlersnumeric/instances/pfile16.pddl
PATTY-G-nei,numeric/real-ipc-2023/mprime,files/numeric/real-ipc-2023/mprime/domain.pddl,files/numeric/real-ipc-2023/mprime/instances/pfile8.pddl
PATTY-B-npc-chrpa,numeric/real-ipc-2023/block-grouping,files/numeric/real-ipc-2023/block-grouping/domain.pddl,files/numeric/real-ipc-2023/block-grouping/instances/pfile10.pddl
PATTY-B-npc-chrpa,numeric/real-ipc-2023/pathwaysmetric,files/numeric/real-ipc-2023/pathwaysmetric/domain.pddl,files/numeric/real-ipc-2023/pathwaysmetric/instances/pfile3.pddl
PATTY-B-npc,numeric/real-ipc-2023/fo-farmland,files/numeric/real-ipc-2023/fo-farmland/domain.pddl,files/numeric/real-ipc-2023/fo-farmland/instances/pfile7.pddl
PATTY-B-npc,numeric/real-ipc-2023/drone,files/numeric/real-ipc-2023/drone/domain.pddl,files/numeric/real-ipc-2023/drone/instances/pfile9.pddl
PATTY-G-nei-chrpa,numeric/real-ipc-2023/hydropower,files/numeric/real-ipc-2023/hydropower/domain.pddl,files/numeric/real-ipc-2023/hydropower/instances/pfile13.pddl
PATTY-B-npc-chrpa,numeric/real-ipc-2023/block-grouping,files/numeric/real-ipc-2023/block-grouping/domain.pddl,files/numeric/real-ipc-2023/block-grouping/instances/pfile4.pddl
PATTY-B-npc-chrpa,numeric/real-ipc-2023/markettrader,files/numeric/real-ipc-2023/markettrader/domain.pddl,files/numeric/real-ipc-2023/markettrader/instances/pfile20.pddl
PATTY-B-npc,numeric/real-ipc-2023/drone,files/numeric/real-ipc-2023/drone/domain.pddl,files/numeric/real-ipc-2023/drone/instances/pfile4.pddl
PATTY-B-npc,numeric/real-ipc-2023/drone,files/numeric/real-ipc-2023/drone/domain.pddl,files/numeric/real-ipc-2023/drone/instances/pfile8.pddl
PATTY-G-nei,numeric/real-ipc-2023/counters,files/numeric/real-ipc-2023/counters/domain.pddl,files/numeric/real-ipc-2023/counters/instances/pfile6.pddl
PATTY-B-npc-chrpa,numeric/real-ipc-2023/delivery,files/numeric/real-ipc-2023/delivery/domain.pddl,files/numeric/real-ipc-2023/delivery/instances/pfile11.pddl
PATTY-B-npc,numeric/line-exchange,files/numeric/line-exchange/domain.pddl,files/numeric/line-exchange/instances/4_15_90_50.pddl
PATTY-G-nei-chrpa,numeric/real-ipc-2023/markettrader,files/numeric/real-ipc-2023/markettrader/domain.pddl,files/numeric/real-ipc-2023/markettrader/instances/pfile9.pddl
PATTY-B-npc,numeric/real-ipc-2023/rover,files/numeric/real-ipc-2023/rover/domain.pddl,files/numeric/real-ipc-2023/rover/instances/pfile13.pddl
PATTY-G-nei,numeric/real-ipc-2023/rover,files/numeric/real-ipc-2023/rover/domain.pddl,files/numeric/real-ipc-2023/rover/instances/pfile11.pddl
PATTY-B-npc-chrpa,numeric/real-ipc-2023/counters,files/numeric/real-ipc-2023/counters/domain.pddl,files/numeric/real-ipc-2023/counters/instances/pfile8.pddl
PATTY-G-nei,numeric/real-ipc-2023/ext-plant-watering,files/numeric/real-ipc-2023/ext-plant-watering/domain.pddl,files/numeric/real-ipc-2023/ext-plant-watering/instances/pfile8.pddl
PATTY-B-npc-chrpa,numeric/real-ipc-2023/block-grouping,files/numeric/real-ipc-2023/block-grouping/domain.pddl,files/numeric/real-ipc-2023/block-grouping/instances/pfile12.pddl
PATTY-B-npc-chrpa,numeric/real-ipc-2023/pathwaysmetric,files/numeric/real-ipc-2023/pathwaysmetric/domain.pddl,files/numeric/real-ipc-2023/pathwaysmetric/instances/pfile12.pddl
PATTY-B-npc,numeric/real-ipc-2023/zenotravel,files/numeric/real-ipc-2023/zenotravel/domain.pddl,files/numeric/real-ipc-2023/zenotravel/instances/pfile14.pddl
PATTY-B-npc,numeric/real-ipc-2023/delivery,files/numeric/real-ipc-2023/delivery/domain.pddl,files/numeric/real-ipc-2023/delivery/instances/pfile5.pddl
PATTY-B-npc-chrpa,numeric/real-ipc-2023/sugar,files/numeric/real-ipc-2023/sugar/domain.pddl,files/numeric/real-ipc-2023/sugar/instances/pfile15.pddl
PATTY-G-nei-chrpa,numeric/real-ipc-2023/markettrader,files/numeric/real-ipc-2023/markettrader/domain.pddl,files/numeric/real-ipc-2023/markettrader/instances/pfile13.pddl
PATTY-G-nei,numeric/real-ipc-2023/counters,files/numeric/real-ipc-2023/counters/domain.pddl,files/numeric/real-ipc-2023/counters/instances/pfile8.pddl
PATTY-G-nei-chrpa,numeric/real-ipc-2023/mprime,files/numeric/real-ipc-2023/mprime/domain.pddl,files/numeric/real-ipc-2023/mprime/instances/pfile6.pddl
PATTY-B-npc-chrpa,numeric/line-exchange,files/numeric/line-exchange/domain.pddl,files/numeric/line-exchange/instances/5_15_25_10.pddl
PATTY-G-nei-chrpa,numeric/real-ipc-2023/pathwaysmetric,files/numeric/real-ipc-2023/pathwaysmetric/domain.pddl,files/numeric/real-ipc-2023/pathwaysmetric/instances/pfile7.pddl
PATTY-B-npc-chrpa,numeric/real-ipc-2023/expedition,files/numeric/real-ipc-2023/expedition/domain.pddl,files/numeric/real-ipc-2023/expedition/instances/pfile7.pddl
PATTY-G-nei-chrpa,numeric/real-ipc-2023/farmland,files/numeric/real-ipc-2023/farmland/domain.pddl,files/numeric/real-ipc-2023/farmland/instances/pfile4.pddl
PATTY-B-npc,numeric/real-ipc-2023/tpp,files/numeric/real-ipc-2023/tpp/domain.pddl,files/numeric/real-ipc-2023/tpp/instances/pfile15.pddl
PATTY-G-nei,numeric/real-ipc-2023/sugar,files/numeric/real-ipc-2023/sugar/domain.pddl,files/numeric/real-ipc-2023/sugar/instances/pfile2.pddl
PATTY-B-npc,numeric/real-ipc-2023/hydropower,files/numeric/real-ipc-2023/hydropower/domain.pddl,files/numeric/real-ipc-2023/hydropower/instances/pfile5.pddl
PATTY-G-nei-chrpa,numeric/real-ipc-2023/fo-counters,files/numeric/real-ipc-2023/fo-counters/domain.pddl,files/numeric/real-ipc-2023/fo-counters/instances/pfile13.pddl
PATTY-G-nei-chrpa,numeric/real-ipc-2023/markettrader,files/numeric/real-ipc-2023/markettrader/domain.pddl,files/numeric/real-ipc-2023/markettrader/instances/pfile2.pddl
PATTY-G-nei,numeric/real-ipc-2023/fo-farmland,files/numeric/real-ipc-2023/fo-farmland/domain.pddl,files/numeric/real-ipc-2023/fo-farmland/instances/pfile1.pddl
PATTY-G-nei-chrpa,numeric/real-ipc-2023/pathwaysmetric,files/numeric/real-ipc-2023/pathwaysmetric/domain.pddl,files/numeric/real-ipc-2023/pathwaysmetric/instances/pfile11.pddl
PATTY-B-npc-chrpa,numeric/real-ipc-2023/pathwaysmetric,files/numeric/real-ipc-2023/pathwaysmetric/domain.pddl,files/numeric/real-ipc-2023/pathwaysmetric/instances/pfile15.pddl
PATTY-G-nei,numeric/real-ipc-2023/expedition,files/numeric/real-ipc-2023/expedition/domain.pddl,files/numeric/real-ipc-2023/expedition/instances/pfile1.pddl
PATTY-G-nei-chrpa,numeric/real-ipc-2023/markettrader,files/numeric/real-ipc-2023/markettrader/domain.pddl,files/numeric/real-ipc-2023/markettrader/instances/pfile11.pddl
PATTY-B-npc,numeric/real-ipc-2023/drone,files/numeric/real-ipc-2023/drone/domain.pddl,files/numeric/real-ipc-2023/drone/instances/pfile17.pddl
PATTY-B-npc,numeric/line-exchange,files/numeric/line-exchange/domain.pddl,files/numeric/line-exchange/instances/4_10_25_10.pddl
PATTY-B-npc,numeric/real-ipc-2023/zenotravel,files/numeric/real-ipc-2023/zenotravel/domain.pddl,files/numeric/real-ipc-2023/zenotravel/instances/pfile19.pddl
PATTY-B-npc,numeric/real-ipc-2023/pathwaysmetric,files/numeric/real-ipc-2023/pathwaysmetric/domain.pddl,files/numeric/real-ipc-2023/pathwaysmetric/instances/pfile13.pddl
PATTY-B-npc,numeric/real-ipc-2023/counters,files/numeric/real-ipc-2023/counters/domain.pddl,files/numeric/real-ipc-2023/counters/instances/pfile2.pddl
PATTY-B-npc-chrpa,numeric/real-ipc-2023/settlers-compiled,files/numeric/real-ipc-2023/settlers-compiled/domain.pddl,files/numeric/real-ipc-2023/settlers-compiled/instances/pfile13.pddl
PATTY-B-npc-chrpa,numeric/real-ipc-2023/zenotravel,files/numeric/real-ipc-2023/zenotravel/domain.pddl,files/numeric/real-ipc-2023/zenotravel/instances/pfile13.pddl
PATTY-B-npc,numeric/real-ipc-2023/pathwaysmetric,files/numeric/real-ipc-2023/pathwaysmetric/domain.pddl,files/numeric/real-ipc-2023/pathwaysmetric/instances/pfile19.pddl
PATTY-B-npc-chrpa,numeric/real-ipc-2023/rover,files/numeric/real-ipc-2023/rover/domain.pddl,files/numeric/real-ipc-2023/rover/instances/pfile3.pddl
PATTY-G-nei,numeric/real-ipc-2023/counters,files/numeric/real-ipc-2023/counters/domain.pddl,files/numeric/real-ipc-2023/counters/instances/pfile5.pddl
PATTY-B-npc,numeric/real-ipc-2023/sailing,files/numeric/real-ipc-2023/sailing/domain.pddl,files/numeric/real-ipc-2023/sailing/instances/pfile8.pddl
PATTY-G-nei,numeric/real-ipc-2023/farmland,files/numeric/real-ipc-2023/farmland/domain.pddl,files/numeric/real-ipc-2023/farmland/instances/pfile12.pddl
PATTY-G-nei,numeric/real-ipc-2023/sugar,files/numeric/real-ipc-2023/sugar/domain.pddl,files/numeric/real-ipc-2023/sugar/instances/pfile13.pddl
PATTY-B-npc-chrpa,numeric/real-ipc-2023/mprime,files/numeric/real-ipc-2023/mprime/domain.pddl,files/numeric/real-ipc-2023/mprime/instances/pfile1.pddl
PATTY-B-npc,numeric/real-ipc-2023/block-grouping,files/numeric/real-ipc-2023/block-grouping/domain.pddl,files/numeric/real-ipc-2023/block-grouping/instances/pfile20.pddl
PATTY-B-npc-chrpa,numeric/real-ipc-2023/sailing,files/numeric/real-ipc-2023/sailing/domain.pddl,files/numeric/real-ipc-2023/sailing/instances/pfile4.pddl
PATTY-G-nei-chrpa,numeric/real-ipc-2023/farmland,files/numeric/real-ipc-2023/farmland/domain.pddl,files/numeric/real-ipc-2023/farmland/instances/pfile13.pddl
PATTY-B-npc-chrpa,numeric/real-ipc-2023/expedition,files/numeric/real-ipc-2023/expedition/domain.pddl,files/numeric/real-ipc-2023/expedition/instances/pfile6.pddl
PATTY-G-nei,numeric/real-ipc-2023/tpp,files/numeric/real-ipc-2023/tpp/domain.pddl,files/numeric/real-ipc-2023/tpp/instances/pfile4.pddl
PATTY-G-nei-chrpa,numeric/real-ipc-2023/rover,files/numeric/real-ipc-2023/rover/domain.pddl,files/numeric/real-ipc-2023/rover/instances/pfile18.pddl
PATTY-B-npc-chrpa,numeric/real-ipc-2023/ext-plant-watering,files/numeric/real-ipc-2023/ext-plant-watering/domain.pddl,files/numeric/real-ipc-2023/ext-plant-watering/instances/pfile6.pddl
PATTY-G-nei,numeric/real-ipc-2023/fo-counters,files/numeric/real-ipc-2023/fo-counters/domain.pddl,files/numeric/real-ipc-2023/fo-counters/instances/pfile10.pddl
PATTY-G-nei,numeric/real-ipc-2023/settlers-compiled,files/numeric/real-ipc-2023/settlers-compiled/domain.pddl,files/numeric/real-ipc-2023/settlers-compiled/instances/pfile16.pddl
PATTY-G-nei,numeric/real-ipc-2023/mprime,files/numeric/real-ipc-2023/mprime/domain.pddl,files/numeric/real-ipc-2023/mprime/instances/pfile9.pddl
PATTY-G-nei-chrpa,numeric/real-ipc-2023/sailing,files/numeric/real-ipc-2023/sailing/domain.pddl,files/numeric/real-ipc-2023/sailing/instances/pfile13.pddl
PATTY-G-nei-chrpa,numeric/real-ipc-2023/tpp,files/numeric/real-ipc-2023/tpp/domain.pddl,files/numeric/real-ipc-2023/tpp/instances/pfile5.pddl
PATTY-G-nei-chrpa,numeric/real-ipc-2023/zenotravel,files/numeric/real-ipc-2023/zenotravel/domain.pddl,files/numeric/real-ipc-2023/zenotravel/instances/pfile15.pddl
PATTY-B-npc-chrpa,numeric/line-exchange,files/numeric/line-exchange/domain.pddl,files/numeric/line-exchange/instances/4_10_25_10.pddl
PATTY-B-npc,numeric/real-ipc-2023/sugar,files/numeric/real-ipc-2023/sugar/domain.pddl,files/numeric/real-ipc-2023/sugar/instances/pfile17.pddl
PATTY-B-npc-chrpa,numeric/real-ipc-2023/farmland,files/numeric/real-ipc-2023/farmland/domain.pddl,files/numeric/real-ipc-2023/farmland/instances/pfile14.pddl
PATTY-G-nei-chrpa,numeric/real-ipc-2023/farmland,files/numeric/real-ipc-2023/farmland/domain.pddl,files/numeric/real-ipc-2023/farmland/instances/pfile11.pddl
PATTY-G-nei-chrpa,numeric/real-ipc-2023/rover,files/numeric/real-ipc-2023/rover/domain.pddl,files/numeric/real-ipc-2023/rover/instances/pfile13.pddl
PATTY-G-nei,numeric/real-ipc-2023/ext-plant-watering,files/numeric/real-ipc-2023/ext-plant-watering/domain.pddl,files/numeric/real-ipc-2023/ext-plant-watering/instances/pfile14.pddl
PATTY-B-npc-chrpa,numeric/real-ipc-2023/tpp,files/numeric/real-ipc-2023/tpp/domain.pddl,files/numeric/real-ipc-2023/tpp/instances/pfile15.pddl
PATTY-B-npc,numeric/real-ipc-2023/fo-counters,files/numeric/real-ipc-2023/fo-counters/domain.pddl,files/numeric/real-ipc-2023/fo-counters/instances/pfile4.pddl
PATTY-B-npc-chrpa,numeric/real-ipc-2023/pathwaysmetric,files/numeric/real-ipc-2023/pathwaysmetric/domain.pddl,files/numeric/real-ipc-2023/pathwaysmetric/instances/pfile13.pddl
PATTY-B-npc,numeric/real-ipc-2023/zenotravel,files/numeric/real-ipc-2023/zenotravel/domain.pddl,files/numeric/real-ipc-2023/zenotravel/instances/pfile8.pddl
PATTY-G-nei-chrpa,numeric/real-ipc-2023/block-grouping,files/numeric/real-ipc-2023/block-grouping/domain.pddl,files/numeric/real-ipc-2023/block-grouping/instances/pfile14.pddl
PATTY-B-npc-chrpa,numeric/real-ipc-2023/fo-counters,files/numeric/real-ipc-2023/fo-counters/domain.pddl,files/numeric/real-ipc-2023/fo-counters/instances/pfile6.pddl
PATTY-G-nei,numeric/real-ipc-2023/drone,files/numeric/real-ipc-2023/drone/domain.pddl,files/numeric/real-ipc-2023/drone/instances/pfile2.pddl
PATTY-G-nei,numeric/real-ipc-2023/settlers-compiled,files/numeric/real-ipc-2023/settlers-compiled/domain.pddl,files/numeric/real-ipc-2023/settlers-compiled/instances/pfile10.pddl
PATTY-B-npc,numeric/real-ipc-2023/drone,files/numeric/real-ipc-2023/drone/domain.pddl,files/numeric/real-ipc-2023/drone/instances/pfile10.pddl
PATTY-G-nei-chrpa,numeric/real-ipc-2023/rover,files/numeric/real-ipc-2023/rover/domain.pddl,files/numeric/real-ipc-2023/rover/instances/pfile10.pddl
PATTY-G-nei-chrpa,numeric/real-ipc-2023/fo-farmland,files/numeric/real-ipc-2023/fo-farmland/domain.pddl,files/numeric/real-ipc-2023/fo-farmland/instances/pfile8.pddl
PATTY-G-nei-chrpa,numeric/real-ipc-2023/sailing,files/numeric/real-ipc-2023/sailing/domain.pddl,files/numeric/real-ipc-2023/sailing/instances/pfile18.pddl
PATTY-B-npc,numeric/real-ipc-2023/zenotravel,files/numeric/real-ipc-2023/zenotravel/domain.pddl,files/numeric/real-ipc-2023/zenotravel/instances/pfile16.pddl
PATTY-B-npc,numeric/real-ipc-2023/fo-counters,files/numeric/real-ipc-2023/fo-counters/domain.pddl,files/numeric/real-ipc-2023/fo-counters/instances/pfile12.pddl
PATTY-G-nei,numeric/real-ipc-2023/mprime,files/numeric/real-ipc-2023/mprime/domain.pddl,files/numeric/real-ipc-2023/mprime/instances/pfile14.pddl
PATTY-B-npc-chrpa,numeric/line-exchange,files/numeric/line-exchange/domain.pddl,files/numeric/line-exchange/instances/4_10_50_50.pddl
PATTY-G-nei-chrpa,numeric/real-ipc-2023/fo-counters,files/numeric/real-ipc-2023/fo-counters/domain.pddl,files/numeric/real-ipc-2023/fo-counters/instances/pfile15.pddl
PATTY-B-npc,numeric/real-ipc-2023/mprime,files/numeric/real-ipc-2023/mprime/domain.pddl,files/numeric/real-ipc-2023/mprime/instances/pfile6.pddl
PATTY-B-npc,numeric/real-ipc-2023/hydropower,files/numeric/real-ipc-2023/hydropower/domain.pddl,files/numeric/real-ipc-2023/hydropower/instances/pfile12.pddl
PATTY-B-npc-chrpa,numeric/real-ipc-2023/fo-farmland,files/numeric/real-ipc-2023/fo-farmland/domain.pddl,files/numeric/real-ipc-2023/fo-farmland/instances/pfile9.pddl
PATTY-G-nei,numeric/real-ipc-2023/drone,files/numeric/real-ipc-2023/drone/domain.pddl,files/numeric/real-ipc-2023/drone/instances/pfile18.pddl
PATTY-G-nei-chrpa,numeric/real-ipc-2023/expedition,files/numeric/real-ipc-2023/expedition/domain.pddl,files/numeric/real-ipc-2023/expedition/instances/pfile10.pddl
PATTY-B-npc,numeric/real-ipc-2023/fo-sailing,files/numeric/real-ipc-2023/fo-sailing/domain.pddl,files/numeric/real-ipc-2023/fo-sailing/instances/pfile12.pddl
PATTY-G-nei-chrpa,numeric/real-ipc-2023/settlersnumeric,files/numeric/real-ipc-2023/settlersnumeric/domain.pddl,files/numeric/real-ipc-2023/settlersnumeric/instances/pfile15.pddl
PATTY-B-npc,numeric/real-ipc-2023/sugar,files/numeric/real-ipc-2023/sugar/domain.pddl,files/numeric/real-ipc-2023/sugar/instances/pfile3.pddl
PATTY-G-nei-chrpa,numeric/real-ipc-2023/settlersnumeric,files/numeric/real-ipc-2023/settlersnumeric/domain.pddl,files/numeric/real-ipc-2023/settlersnumeric/instances/pfile20.pddl
PATTY-G-nei-chrpa,numeric/real-ipc-2023/fo-sailing,files/numeric/real-ipc-2023/fo-sailing/domain.pddl,files/numeric/real-ipc-2023/fo-sailing/instances/pfile1.pddl
PATTY-B-npc-chrpa,numeric/real-ipc-2023/hydropower,files/numeric/real-ipc-2023/hydropower/domain.pddl,files/numeric/real-ipc-2023/hydropower/instances/pfile11.pddl
PATTY-B-npc,numeric/real-ipc-2023/markettrader,files/numeric/real-ipc-2023/markettrader/domain.pddl,files/numeric/real-ipc-2023/markettrader/instances/pfile10.pddl
PATTY-B-npc-chrpa,numeric/real-ipc-2023/farmland,files/numeric/real-ipc-2023/farmland/domain.pddl,files/numeric/real-ipc-2023/farmland/instances/pfile1.pddl
PATTY-G-nei,numeric/real-ipc-2023/fo-farmland,files/numeric/real-ipc-2023/fo-farmland/domain.pddl,files/numeric/real-ipc-2023/fo-farmland/instances/pfile13.pddl
PATTY-B-npc,numeric/real-ipc-2023/settlersnumeric,files/numeric/real-ipc-2023/settlersnumeric/domain.pddl,files/numeric/real-ipc-2023/settlersnumeric/instances/pfile6.pddl
PATTY-G-nei,numeric/real-ipc-2023/sugar,files/numeric/real-ipc-2023/sugar/domain.pddl,files/numeric/real-ipc-2023/sugar/instances/pfile14.pddl
PATTY-G-nei-chrpa,numeric/real-ipc-2023/block-grouping,files/numeric/real-ipc-2023/block-grouping/domain.pddl,files/numeric/real-ipc-2023/block-grouping/instances/pfile7.pddl
PATTY-G-nei,numeric/real-ipc-2023/fo-counters,files/numeric/real-ipc-2023/fo-counters/domain.pddl,files/numeric/real-ipc-2023/fo-counters/instances/pfile11.pddl
PATTY-B-npc-chrpa,numeric/real-ipc-2023/fo-farmland,files/numeric/real-ipc-2023/fo-farmland/domain.pddl,files/numeric/real-ipc-2023/fo-farmland/instances/pfile6.pddl
PATTY-G-nei,numeric/real-ipc-2023/rover,files/numeric/real-ipc-2023/rover/domain.pddl,files/numeric/real-ipc-2023/rover/instances/pfile4.pddl
PATTY-B-npc-chrpa,numeric/real-ipc-2023/sugar,files/numeric/real-ipc-2023/sugar/domain.pddl,files/numeric/real-ipc-2023/sugar/instances/pfile1.pddl
PATTY-B-npc-chrpa,numeric/real-ipc-2023/pathwaysmetric,files/numeric/real-ipc-2023/pathwaysmetric/domain.pddl,files/numeric/real-ipc-2023/pathwaysmetric/instances/pfile6.pddl
PATTY-B-npc,numeric/real-ipc-2023/counters,files/numeric/real-ipc-2023/counters/domain.pddl,files/numeric/real-ipc-2023/counters/instances/pfile12.pddl
PATTY-G-nei,numeric/real-ipc-2023/sugar,files/numeric/real-ipc-2023/sugar/domain.pddl,files/numeric/real-ipc-2023/sugar/instances/pfile12.pddl
PATTY-G-nei,numeric/real-ipc-2023/delivery,files/numeric/real-ipc-2023/delivery/domain.pddl,files/numeric/real-ipc-2023/delivery/instances/pfile7.pddl
PATTY-B-npc-chrpa,numeric/real-ipc-2023/sugar,files/numeric/real-ipc-2023/sugar/domain.pddl,files/numeric/real-ipc-2023/sugar/instances/pfile4.pddl
PATTY-B-npc,numeric/real-ipc-2023/rover,files/numeric/real-ipc-2023/rover/domain.pddl,files/numeric/real-ipc-2023/rover/instances/pfile8.pddl
PATTY-G-nei-chrpa,numeric/real-ipc-2023/counters,files/numeric/real-ipc-2023/counters/domain.pddl,files/numeric/real-ipc-2023/counters/instances/pfile12.pddl
PATTY-B-npc-chrpa,numeric/real-ipc-2023/ext-plant-watering,files/numeric/real-ipc-2023/ext-plant-watering/domain.pddl,files/numeric/real-ipc-2023/ext-plant-watering/instances/pfile9.pddl
PATTY-G-nei,numeric/real-ipc-2023/zenotravel,files/numeric/real-ipc-2023/zenotravel/domain.pddl,files/numeric/real-ipc-2023/zenotravel/instances/pfile7.pddl
PATTY-G-nei-chrpa,numeric/real-ipc-2023/zenotravel,files/numeric/real-ipc-2023/zenotravel/domain.pddl,files/numeric/real-ipc-2023/zenotravel/instances/pfile20.pddl
PATTY-G-nei,numeric/real-ipc-2023/block-grouping,files/numeric/real-ipc-2023/block-grouping/domain.pddl,files/numeric/real-ipc-2023/block-grouping/instances/pfile1.pddl
PATTY-G-nei,numeric/real-ipc-2023/markettrader,files/numeric/real-ipc-2023/markettrader/domain.pddl,files/numeric/real-ipc-2023/markettrader/instances/pfile7.pddl
PATTY-G-nei-chrpa,numeric/line-exchange,files/numeric/line-exchange/domain.pddl,files/numeric/line-exchange/instances/4_10_90_100.pddl
PATTY-G-nei-chrpa,numeric/real-ipc-2023/delivery,files/numeric/real-ipc-2023/delivery/domain.pddl,files/numeric/real-ipc-2023/delivery/instances/pfile9.pddl
PATTY-B-npc,numeric/real-ipc-2023/drone,files/numeric/real-ipc-2023/drone/domain.pddl,files/numeric/real-ipc-2023/drone/instances/pfile5.pddl
PATTY-B-npc-chrpa,numeric/real-ipc-2023/zenotravel,files/numeric/real-ipc-2023/zenotravel/domain.pddl,files/numeric/real-ipc-2023/zenotravel/instances/pfile6.pddl
PATTY-B-npc-chrpa,numeric/real-ipc-2023/counters,files/numeric/real-ipc-2023/counters/domain.pddl,files/numeric/real-ipc-2023/counters/instances/pfile4.pddl
PATTY-G-nei,numeric/real-ipc-2023/drone,files/numeric/real-ipc-2023/drone/domain.pddl,files/numeric/real-ipc-2023/drone/instances/pfile7.pddl
PATTY-B-npc-chrpa,numeric/real-ipc-2023/settlers-compiled,files/numeric/real-ipc-2023/settlers-compiled/domain.pddl,files/numeric/real-ipc-2023/settlers-compiled/instances/pfile4.pddl
PATTY-B-npc,numeric/real-ipc-2023/markettrader,files/numeric/real-ipc-2023/markettrader/domain.pddl,files/numeric/real-ipc-2023/markettrader/instances/pfile11.pddl
PATTY-B-npc-chrpa,numeric/real-ipc-2023/fo-sailing,files/numeric/real-ipc-2023/fo-sailing/domain.pddl,files/numeric/real-ipc-2023/fo-sailing/instances/pfile10.pddl
PATTY-B-npc-chrpa,numeric/real-ipc-2023/hydropower,files/numeric/real-ipc-2023/hydropower/domain.pddl,files/numeric/real-ipc-2023/hydropower/instances/pfile4.pddl
PATTY-G-nei,numeric/real-ipc-2023/tpp,files/numeric/real-ipc-2023/tpp/domain.pddl,files/numeric/real-ipc-2023/tpp/instances/pfile13.pddl
PATTY-G-nei-chrpa,numeric/real-ipc-2023/settlersnumeric,files/numeric/real-ipc-2023/settlersnumeric/domain.pddl,files/numeric/real-ipc-2023/settlersnumeric/instances/pfile3.pddl
PATTY-G-nei-chrpa,numeric/line-exchange,files/numeric/line-exchange/domain.pddl,files/numeric/line-exchange/instances/4_15_90_50.pddl
PATTY-B-npc-chrpa,numeric/real-ipc-2023/fo-farmland,files/numeric/real-ipc-2023/fo-farmland/domain.pddl,files/numeric/real-ipc-2023/fo-farmland/instances/pfile18.pddl
PATTY-G-nei-chrpa,numeric/real-ipc-2023/markettrader,files/numeric/real-ipc-2023/markettrader/domain.pddl,files/numeric/real-ipc-2023/markettrader/instances/pfile12.pddl
PATTY-G-nei,numeric/real-ipc-2023/pathwaysmetric,files/numeric/real-ipc-2023/pathwaysmetric/domain.pddl,files/numeric/real-ipc-2023/pathwaysmetric/instances/pfile16.pddl
PATTY-B-npc,numeric/real-ipc-2023/block-grouping,files/numeric/real-ipc-2023/block-grouping/domain.pddl,files/numeric/real-ipc-2023/block-grouping/instances/pfile4.pddl
PATTY-G-nei-chrpa,numeric/real-ipc-2023/expedition,files/numeric/real-ipc-2023/expedition/domain.pddl,files/numeric/real-ipc-2023/expedition/instances/pfile20.pddl
PATTY-B-npc-chrpa,numeric/real-ipc-2023/block-grouping,files/numeric/real-ipc-2023/block-grouping/domain.pddl,files/numeric/real-ipc-2023/block-grouping/instances/pfile13.pddl
PATTY-B-npc-chrpa,numeric/real-ipc-2023/tpp,files/numeric/real-ipc-2023/tpp/domain.pddl,files/numeric/real-ipc-2023/tpp/instances/pfile13.pddl
PATTY-B-npc,numeric/real-ipc-2023/drone,files/numeric/real-ipc-2023/drone/domain.pddl,files/numeric/real-ipc-2023/drone/instances/pfile18.pddl
PATTY-B-npc,numeric/real-ipc-2023/expedition,files/numeric/real-ipc-2023/expedition/domain.pddl,files/numeric/real-ipc-2023/expedition/instances/pfile17.pddl
PATTY-G-nei,numeric/real-ipc-2023/fo-counters,files/numeric/real-ipc-2023/fo-counters/domain.pddl,files/numeric/real-ipc-2023/fo-counters/instances/pfile7.pddl
PATTY-B-npc-chrpa,numeric/real-ipc-2023/drone,files/numeric/real-ipc-2023/drone/domain.pddl,files/numeric/real-ipc-2023/drone/instances/pfile12.pddl
PATTY-G-nei-chrpa,numeric/real-ipc-2023/expedition,files/numeric/real-ipc-2023/expedition/domain.pddl,files/numeric/real-ipc-2023/expedition/instances/pfile16.pddl
PATTY-G-nei,numeric/real-ipc-2023/sugar,files/numeric/real-ipc-2023/sugar/domain.pddl,files/numeric/real-ipc-2023/sugar/instances/pfile1.pddl
PATTY-B-npc-chrpa,numeric/real-ipc-2023/fo-sailing,files/numeric/real-ipc-2023/fo-sailing/domain.pddl,files/numeric/real-ipc-2023/fo-sailing/instances/pfile17.pddl
PATTY-G-nei,numeric/line-exchange,files/numeric/line-exchange/domain.pddl,files/numeric/line-exchange/instances/4_5_25_50.pddl
PATTY-G-nei-chrpa,numeric/real-ipc-2023/hydropower,files/numeric/real-ipc-2023/hydropower/domain.pddl,files/numeric/real-ipc-2023/hydropower/instances/pfile18.pddl
PATTY-G-nei,numeric/real-ipc-2023/sailing,files/numeric/real-ipc-2023/sailing/domain.pddl,files/numeric/real-ipc-2023/sailing/instances/pfile10.pddl
PATTY-B-npc-chrpa,numeric/real-ipc-2023/fo-counters,files/numeric/real-ipc-2023/fo-counters/domain.pddl,files/numeric/real-ipc-2023/fo-counters/instances/pfile16.pddl
PATTY-B-npc,numeric/real-ipc-2023/hydropower,files/numeric/real-ipc-2023/hydropower/domain.pddl,files/numeric/real-ipc-2023/hydropower/instances/pfile7.pddl
PATTY-G-nei-chrpa,numeric/real-ipc-2023/settlers-compiled,files/numeric/real-ipc-2023/settlers-compiled/domain.pddl,files/numeric/real-ipc-2023/settlers-compiled/instances/pfile20.pddl
PATTY-B-npc-chrpa,numeric/real-ipc-2023/settlers-compiled,files/numeric/real-ipc-2023/settlers-compiled/domain.pddl,files/numeric/real-ipc-2023/settlers-compiled/instances/pfile9.pddl
PATTY-G-nei-chrpa,numeric/real-ipc-2023/settlers-compiled,files/numeric/real-ipc-2023/settlers-compiled/domain.pddl,files/numeric/real-ipc-2023/settlers-compiled/instances/pfile7.pddl
PATTY-B-npc-chrpa,numeric/real-ipc-2023/sailing,files/numeric/real-ipc-2023/sailing/domain.pddl,files/numeric/real-ipc-2023/sailing/instances/pfile7.pddl
PATTY-B-npc,numeric/line-exchange,files/numeric/line-exchange/domain.pddl,files/numeric/line-exchange/instances/3_5_50_50.pddl
PATTY-B-npc,numeric/real-ipc-2023/rover,files/numeric/real-ipc-2023/rover/domain.pddl,files/numeric/real-ipc-2023/rover/instances/pfile12.pddl
PATTY-B-npc-chrpa,numeric/real-ipc-2023/hydropower,files/numeric/real-ipc-2023/hydropower/domain.pddl,files/numeric/real-ipc-2023/hydropower/instances/pfile14.pddl
PATTY-B-npc,numeric/real-ipc-2023/sugar,files/numeric/real-ipc-2023/sugar/domain.pddl,files/numeric/real-ipc-2023/sugar/instances/pfile6.pddl
PATTY-B-npc,numeric/real-ipc-2023/fo-farmland,files/numeric/real-ipc-2023/fo-farmland/domain.pddl,files/numeric/real-ipc-2023/fo-farmland/instances/pfile11.pddl
PATTY-G-nei-chrpa,numeric/real-ipc-2023/sailing,files/numeric/real-ipc-2023/sailing/domain.pddl,files/numeric/real-ipc-2023/sailing/instances/pfile4.pddl
PATTY-G-nei,numeric/real-ipc-2023/ext-plant-watering,files/numeric/real-ipc-2023/ext-plant-watering/domain.pddl,files/numeric/real-ipc-2023/ext-plant-watering/instances/pfile11.pddl
PATTY-G-nei-chrpa,numeric/line-exchange,files/numeric/line-exchange/domain.pddl,files/numeric/line-exchange/instances/4_10_50_50.pddl
PATTY-B-npc,numeric/real-ipc-2023/fo-sailing,files/numeric/real-ipc-2023/fo-sailing/domain.pddl,files/numeric/real-ipc-2023/fo-sailing/instances/pfile17.pddl
PATTY-G-nei-chrpa,numeric/real-ipc-2023/hydropower,files/numeric/real-ipc-2023/hydropower/domain.pddl,files/numeric/real-ipc-2023/hydropower/instances/pfile11.pddl
PATTY-G-nei,numeric/real-ipc-2023/settlersnumeric,files/numeric/real-ipc-2023/settlersnumeric/domain.pddl,files/numeric/real-ipc-2023/settlersnumeric/instances/pfile16.pddl
PATTY-G-nei,numeric/real-ipc-2023/drone,files/numeric/real-ipc-2023/drone/domain.pddl,files/numeric/real-ipc-2023/drone/instances/pfile16.pddl
PATTY-G-nei-chrpa,numeric/real-ipc-2023/counters,files/numeric/real-ipc-2023/counters/domain.pddl,files/numeric/real-ipc-2023/counters/instances/pfile4.pddl
PATTY-B-npc,numeric/line-exchange,files/numeric/line-exchange/domain.pddl,files/numeric/line-exchange/instances/5_10_25_50.pddl
PATTY-G-nei,numeric/real-ipc-2023/fo-sailing,files/numeric/real-ipc-2023/fo-sailing/domain.pddl,files/numeric/real-ipc-2023/fo-sailing/instances/pfile5.pddl
PATTY-B-npc-chrpa,numeric/real-ipc-2023/fo-sailing,files/numeric/real-ipc-2023/fo-sailing/domain.pddl,files/numeric/real-ipc-2023/fo-sailing/instances/pfile13.pddl
PATTY-B-npc-chrpa,numeric/real-ipc-2023/ext-plant-watering,files/numeric/real-ipc-2023/ext-plant-watering/domain.pddl,files/numeric/real-ipc-2023/ext-plant-watering/instances/pfile18.pddl
PATTY-G-nei-chrpa,numeric/real-ipc-2023/expedition,files/numeric/real-ipc-2023/expedition/domain.pddl,files/numeric/real-ipc-2023/expedition/instances/pfile5.pddl
PATTY-G-nei,numeric/real-ipc-2023/fo-farmland,files/numeric/real-ipc-2023/fo-farmland/domain.pddl,files/numeric/real-ipc-2023/fo-farmland/instances/pfile4.pddl
PATTY-G-nei-chrpa,numeric/real-ipc-2023/expedition,files/numeric/real-ipc-2023/expedition/domain.pddl,files/numeric/real-ipc-2023/expedition/instances/pfile3.pddl
PATTY-G-nei,numeric/real-ipc-2023/tpp,files/numeric/real-ipc-2023/tpp/domain.pddl,files/numeric/real-ipc-2023/tpp/instances/pfile5.pddl
PATTY-G-nei,numeric/real-ipc-2023/tpp,files/numeric/real-ipc-2023/tpp/domain.pddl,files/numeric/real-ipc-2023/tpp/instances/pfile12.pddl
PATTY-G-nei-chrpa,numeric/real-ipc-2023/settlers-compiled,files/numeric/real-ipc-2023/settlers-compiled/domain.pddl,files/numeric/real-ipc-2023/settlers-compiled/instances/pfile2.pddl
PATTY-B-npc,numeric/real-ipc-2023/block-grouping,files/numeric/real-ipc-2023/block-grouping/domain.pddl,files/numeric/real-ipc-2023/block-grouping/instances/pfile17.pddl
PATTY-B-npc,numeric/real-ipc-2023/tpp,files/numeric/real-ipc-2023/tpp/domain.pddl,files/numeric/real-ipc-2023/tpp/instances/pfile17.pddl
PATTY-G-nei,numeric/real-ipc-2023/expedition,files/numeric/real-ipc-2023/expedition/domain.pddl,files/numeric/real-ipc-2023/expedition/instances/pfile6.pddl
PATTY-B-npc,numeric/real-ipc-2023/settlersnumeric,files/numeric/real-ipc-2023/settlersnumeric/domain.pddl,files/numeric/real-ipc-2023/settlersnumeric/instances/pfile12.pddl
PATTY-B-npc-chrpa,numeric/real-ipc-2023/block-grouping,files/numeric/real-ipc-2023/block-grouping/domain.pddl,files/numeric/real-ipc-2023/block-grouping/instances/pfile6.pddl
PATTY-B-npc,numeric/real-ipc-2023/drone,files/numeric/real-ipc-2023/drone/domain.pddl,files/numeric/real-ipc-2023/drone/instances/pfile7.pddl
PATTY-G-nei-chrpa,numeric/real-ipc-2023/rover,files/numeric/real-ipc-2023/rover/domain.pddl,files/numeric/real-ipc-2023/rover/instances/pfile12.pddl
PATTY-B-npc,numeric/real-ipc-2023/farmland,files/numeric/real-ipc-2023/farmland/domain.pddl,files/numeric/real-ipc-2023/farmland/instances/pfile3.pddl
PATTY-G-nei-chrpa,numeric/real-ipc-2023/block-grouping,files/numeric/real-ipc-2023/block-grouping/domain.pddl,files/numeric/real-ipc-2023/block-grouping/instances/pfile3.pddl
PATTY-B-npc-chrpa,numeric/real-ipc-2023/ext-plant-watering,files/numeric/real-ipc-2023/ext-plant-watering/domain.pddl,files/numeric/real-ipc-2023/ext-plant-watering/instances/pfile1.pddl
PATTY-B-npc,numeric/real-ipc-2023/markettrader,files/numeric/real-ipc-2023/markettrader/domain.pddl,files/numeric/real-ipc-2023/markettrader/instances/pfile2.pddl
PATTY-G-nei-chrpa,numeric/real-ipc-2023/sailing,files/numeric/real-ipc-2023/sailing/domain.pddl,files/numeric/real-ipc-2023/sailing/instances/pfile1.pddl
PATTY-B-npc,numeric/real-ipc-2023/hydropower,files/numeric/real-ipc-2023/hydropower/domain.pddl,files/numeric/real-ipc-2023/hydropower/instances/pfile20.pddl
PATTY-G-nei-chrpa,numeric/real-ipc-2023/zenotravel,files/numeric/real-ipc-2023/zenotravel/domain.pddl,files/numeric/real-ipc-2023/zenotravel/instances/pfile8.pddl
PATTY-B-npc,numeric/real-ipc-2023/drone,files/numeric/real-ipc-2023/drone/domain.pddl,files/numeric/real-ipc-2023/drone/instances/pfile14.pddl
PATTY-G-nei-chrpa,numeric/real-ipc-2023/fo-counters,files/numeric/real-ipc-2023/fo-counters/domain.pddl,files/numeric/real-ipc-2023/fo-counters/instances/pfile19.pddl
PATTY-B-npc-chrpa,numeric/real-ipc-2023/expedition,files/numeric/real-ipc-2023/expedition/domain.pddl,files/numeric/real-ipc-2023/expedition/instances/pfile8.pddl
PATTY-B-npc,numeric/real-ipc-2023/settlers-compiled,files/numeric/real-ipc-2023/settlers-compiled/domain.pddl,files/numeric/real-ipc-2023/settlers-compiled/instances/pfile8.pddl
PATTY-B-npc-chrpa,numeric/real-ipc-2023/fo-sailing,files/numeric/real-ipc-2023/fo-sailing/domain.pddl,files/numeric/real-ipc-2023/fo-sailing/instances/pfile1.pddl
PATTY-G-nei-chrpa,numeric/real-ipc-2023/farmland,files/numeric/real-ipc-2023/farmland/domain.pddl,files/numeric/real-ipc-2023/farmland/instances/pfile7.pddl
PATTY-G-nei-chrpa,numeric/real-ipc-2023/pathwaysmetric,files/numeric/real-ipc-2023/pathwaysmetric/domain.pddl,files/numeric/real-ipc-2023/pathwaysmetric/instances/pfile19.pddl
PATTY-B-npc,numeric/line-exchange,files/numeric/line-exchange/domain.pddl,files/numeric/line-exchange/instances/5_10_50_100.pddl
PATTY-G-nei,numeric/real-ipc-2023/fo-counters,files/numeric/real-ipc-2023/fo-counters/domain.pddl,files/numeric/real-ipc-2023/fo-counters/instances/pfile13.pddl
PATTY-B-npc,numeric/real-ipc-2023/block-grouping,files/numeric/real-ipc-2023/block-grouping/domain.pddl,files/numeric/real-ipc-2023/block-grouping/instances/pfile3.pddl
PATTY-G-nei,numeric/real-ipc-2023/delivery,files/numeric/real-ipc-2023/delivery/domain.pddl,files/numeric/real-ipc-2023/delivery/instances/pfile2.pddl
PATTY-B-npc,numeric/real-ipc-2023/fo-sailing,files/numeric/real-ipc-2023/fo-sailing/domain.pddl,files/numeric/real-ipc-2023/fo-sailing/instances/pfile4.pddl
PATTY-G-nei,numeric/real-ipc-2023/farmland,files/numeric/real-ipc-2023/farmland/domain.pddl,files/numeric/real-ipc-2023/farmland/instances/pfile10.pddl
PATTY-G-nei-chrpa,numeric/real-ipc-2023/expedition,files/numeric/real-ipc-2023/expedition/domain.pddl,files/numeric/real-ipc-2023/expedition/instances/pfile6.pddl
PATTY-B-npc-chrpa,numeric/real-ipc-2023/mprime,files/numeric/real-ipc-2023/mprime/domain.pddl,files/numeric/real-ipc-2023/mprime/instances/pfile6.pddl
PATTY-G-nei-chrpa,numeric/real-ipc-2023/counters,files/numeric/real-ipc-2023/counters/domain.pddl,files/numeric/real-ipc-2023/counters/instances/pfile2.pddl
PATTY-B-npc-chrpa,numeric/real-ipc-2023/mprime,files/numeric/real-ipc-2023/mprime/domain.pddl,files/numeric/real-ipc-2023/mprime/instances/pfile19.pddl
PATTY-G-nei,numeric/real-ipc-2023/counters,files/numeric/real-ipc-2023/counters/domain.pddl,files/numeric/real-ipc-2023/counters/instances/pfile9.pddl
PATTY-B-npc-chrpa,numeric/real-ipc-2023/expedition,files/numeric/real-ipc-2023/expedition/domain.pddl,files/numeric/real-ipc-2023/expedition/instances/pfile2.pddl
PATTY-G-nei-chrpa,numeric/real-ipc-2023/block-grouping,files/numeric/real-ipc-2023/block-grouping/domain.pddl,files/numeric/real-ipc-2023/block-grouping/instances/pfile18.pddl
PATTY-B-npc-chrpa,numeric/real-ipc-2023/rover,files/numeric/real-ipc-2023/rover/domain.pddl,files/numeric/real-ipc-2023/rover/instances/pfile15.pddl
PATTY-B-npc,numeric/real-ipc-2023/mprime,files/numeric/real-ipc-2023/mprime/domain.pddl,files/numeric/real-ipc-2023/mprime/instances/pfile12.pddl
PATTY-G-nei-chrpa,numeric/real-ipc-2023/fo-counters,files/numeric/real-ipc-2023/fo-counters/domain.pddl,files/numeric/real-ipc-2023/fo-counters/instances/pfile11.pddl
PATTY-G-nei,numeric/real-ipc-2023/expedition,files/numeric/real-ipc-2023/expedition/domain.pddl,files/numeric/real-ipc-2023/expedition/instances/pfile14.pddl
PATTY-B-npc,numeric/real-ipc-2023/counters,files/numeric/real-ipc-2023/counters/domain.pddl,files/numeric/real-ipc-2023/counters/instances/pfile20.pddl
PATTY-B-npc-chrpa,numeric/real-ipc-2023/farmland,files/numeric/real-ipc-2023/farmland/domain.pddl,files/numeric/real-ipc-2023/farmland/instances/pfile5.pddl
PATTY-B-npc,numeric/real-ipc-2023/markettrader,files/numeric/real-ipc-2023/markettrader/domain.pddl,files/numeric/real-ipc-2023/markettrader/instances/pfile6.pddl
PATTY-G-nei,numeric/real-ipc-2023/pathwaysmetric,files/numeric/real-ipc-2023/pathwaysmetric/domain.pddl,files/numeric/real-ipc-2023/pathwaysmetric/instances/pfile10.pddl
PATTY-G-nei-chrpa,numeric/real-ipc-2023/sugar,files/numeric/real-ipc-2023/sugar/domain.pddl,files/numeric/real-ipc-2023/sugar/instances/pfile14.pddl
PATTY-G-nei-chrpa,numeric/real-ipc-2023/drone,files/numeric/real-ipc-2023/drone/domain.pddl,files/numeric/real-ipc-2023/drone/instances/pfile4.pddl
PATTY-B-npc,numeric/real-ipc-2023/farmland,files/numeric/real-ipc-2023/farmland/domain.pddl,files/numeric/real-ipc-2023/farmland/instances/pfile15.pddl
PATTY-G-nei,numeric/real-ipc-2023/fo-sailing,files/numeric/real-ipc-2023/fo-sailing/domain.pddl,files/numeric/real-ipc-2023/fo-sailing/instances/pfile15.pddl
PATTY-B-npc,numeric/real-ipc-2023/block-grouping,files/numeric/real-ipc-2023/block-grouping/domain.pddl,files/numeric/real-ipc-2023/block-grouping/instances/pfile12.pddl
PATTY-G-nei-chrpa,numeric/real-ipc-2023/pathwaysmetric,files/numeric/real-ipc-2023/pathwaysmetric/domain.pddl,files/numeric/real-ipc-2023/pathwaysmetric/instances/pfile14.pddl
PATTY-B-npc-chrpa,numeric/real-ipc-2023/counters,files/numeric/real-ipc-2023/counters/domain.pddl,files/numeric/real-ipc-2023/counters/instances/pfile14.pddl
PATTY-B-npc,numeric/real-ipc-2023/ext-plant-watering,files/numeric/real-ipc-2023/ext-plant-watering/domain.pddl,files/numeric/real-ipc-2023/ext-plant-watering/instances/pfile12.pddl
PATTY-G-nei-chrpa,numeric/real-ipc-2023/drone,files/numeric/real-ipc-2023/drone/domain.pddl,files/numeric/real-ipc-2023/drone/instances/pfile19.pddl
PATTY-G-nei,numeric/real-ipc-2023/expedition,files/numeric/real-ipc-2023/expedition/domain.pddl,files/numeric/real-ipc-2023/expedition/instances/pfile20.pddl
PATTY-B-npc,numeric/line-exchange,files/numeric/line-exchange/domain.pddl,files/numeric/line-exchange/instances/4_10_90_100.pddl
PATTY-B-npc,numeric/real-ipc-2023/settlers-compiled,files/numeric/real-ipc-2023/settlers-compiled/domain.pddl,files/numeric/real-ipc-2023/settlers-compiled/instances/pfile9.pddl
PATTY-G-nei-chrpa,numeric/real-ipc-2023/settlers-compiled,files/numeric/real-ipc-2023/settlers-compiled/domain.pddl,files/numeric/real-ipc-2023/settlers-compiled/instances/pfile18.pddl
PATTY-G-nei,numeric/real-ipc-2023/mprime,files/numeric/real-ipc-2023/mprime/domain.pddl,files/numeric/real-ipc-2023/mprime/instances/pfile6.pddl
PATTY-B-npc,numeric/real-ipc-2023/delivery,files/numeric/real-ipc-2023/delivery/domain.pddl,files/numeric/real-ipc-2023/delivery/instances/pfile15.pddl
PATTY-B-npc-chrpa,numeric/real-ipc-2023/markettrader,files/numeric/real-ipc-2023/markettrader/domain.pddl,files/numeric/real-ipc-2023/markettrader/instances/pfile1.pddl
PATTY-G-nei-chrpa,numeric/real-ipc-2023/markettrader,files/numeric/real-ipc-2023/markettrader/domain.pddl,files/numeric/real-ipc-2023/markettrader/instances/pfile19.pddl
PATTY-B-npc-chrpa,numeric/real-ipc-2023/sugar,files/numeric/real-ipc-2023/sugar/domain.pddl,files/numeric/real-ipc-2023/sugar/instances/pfile7.pddl
PATTY-G-nei,numeric/real-ipc-2023/counters,files/numeric/real-ipc-2023/counters/domain.pddl,files/numeric/real-ipc-2023/counters/instances/pfile17.pddl
PATTY-B-npc-chrpa,numeric/real-ipc-2023/ext-plant-watering,files/numeric/real-ipc-2023/ext-plant-watering/domain.pddl,files/numeric/real-ipc-2023/ext-plant-watering/instances/pfile7.pddl
PATTY-B-npc-chrpa,numeric/real-ipc-2023/ext-plant-watering,files/numeric/real-ipc-2023/ext-plant-watering/domain.pddl,files/numeric/real-ipc-2023/ext-plant-watering/instances/pfile19.pddl
PATTY-G-nei-chrpa,numeric/real-ipc-2023/expedition,files/numeric/real-ipc-2023/expedition/domain.pddl,files/numeric/real-ipc-2023/expedition/instances/pfile2.pddl
PATTY-B-npc-chrpa,numeric/real-ipc-2023/expedition,files/numeric/real-ipc-2023/expedition/domain.pddl,files/numeric/real-ipc-2023/expedition/instances/pfile9.pddl
PATTY-G-nei-chrpa,numeric/real-ipc-2023/pathwaysmetric,files/numeric/real-ipc-2023/pathwaysmetric/domain.pddl,files/numeric/real-ipc-2023/pathwaysmetric/instances/pfile16.pddl
PATTY-B-npc,numeric/real-ipc-2023/settlersnumeric,files/numeric/real-ipc-2023/settlersnumeric/domain.pddl,files/numeric/real-ipc-2023/settlersnumeric/instances/pfile1.pddl
PATTY-G-nei-chrpa,numeric/real-ipc-2023/tpp,files/numeric/real-ipc-2023/tpp/domain.pddl,files/numeric/real-ipc-2023/tpp/instances/pfile8.pddl
PATTY-G-nei-chrpa,numeric/real-ipc-2023/counters,files/numeric/real-ipc-2023/counters/domain.pddl,files/numeric/real-ipc-2023/counters/instances/pfile18.pddl
PATTY-B-npc-chrpa,numeric/real-ipc-2023/tpp,files/numeric/real-ipc-2023/tpp/domain.pddl,files/numeric/real-ipc-2023/tpp/instances/pfile18.pddl
PATTY-G-nei,numeric/real-ipc-2023/sugar,files/numeric/real-ipc-2023/sugar/domain.pddl,files/numeric/real-ipc-2023/sugar/instances/pfile19.pddl
PATTY-B-npc-chrpa,numeric/real-ipc-2023/rover,files/numeric/real-ipc-2023/rover/domain.pddl,files/numeric/real-ipc-2023/rover/instances/pfile2.pddl
PATTY-B-npc,numeric/real-ipc-2023/farmland,files/numeric/real-ipc-2023/farmland/domain.pddl,files/numeric/real-ipc-2023/farmland/instances/pfile12.pddl
PATTY-G-nei,numeric/real-ipc-2023/sailing,files/numeric/real-ipc-2023/sailing/domain.pddl,files/numeric/real-ipc-2023/sailing/instances/pfile4.pddl
PATTY-B-npc,numeric/real-ipc-2023/mprime,files/numeric/real-ipc-2023/mprime/domain.pddl,files/numeric/real-ipc-2023/mprime/instances/pfile14.pddl
PATTY-G-nei,numeric/real-ipc-2023/hydropower,files/numeric/real-ipc-2023/hydropower/domain.pddl,files/numeric/real-ipc-2023/hydropower/instances/pfile6.pddl
PATTY-B-npc-chrpa,numeric/real-ipc-2023/settlersnumeric,files/numeric/real-ipc-2023/settlersnumeric/domain.pddl,files/numeric/real-ipc-2023/settlersnumeric/instances/pfile14.pddl
PATTY-G-nei-chrpa,numeric/real-ipc-2023/ext-plant-watering,files/numeric/real-ipc-2023/ext-plant-watering/domain.pddl,files/numeric/real-ipc-2023/ext-plant-watering/instances/pfile14.pddl
PATTY-B-npc,numeric/real-ipc-2023/hydropower,files/numeric/real-ipc-2023/hydropower/domain.pddl,files/numeric/real-ipc-2023/hydropower/instances/pfile9.pddl
PATTY-G-nei-chrpa,numeric/real-ipc-2023/mprime,files/numeric/real-ipc-2023/mprime/domain.pddl,files/numeric/real-ipc-2023/mprime/instances/pfile19.pddl
PATTY-B-npc,numeric/real-ipc-2023/counters,files/numeric/real-ipc-2023/counters/domain.pddl,files/numeric/real-ipc-2023/counters/instances/pfile16.pddl
PATTY-G-nei,numeric/real-ipc-2023/mprime,files/numeric/real-ipc-2023/mprime/domain.pddl,files/numeric/real-ipc-2023/mprime/instances/pfile17.pddl
PATTY-G-nei-chrpa,numeric/real-ipc-2023/sugar,files/numeric/real-ipc-2023/sugar/domain.pddl,files/numeric/real-ipc-2023/sugar/instances/pfile5.pddl
PATTY-B-npc,numeric/real-ipc-2023/block-grouping,files/numeric/real-ipc-2023/block-grouping/domain.pddl,files/numeric/real-ipc-2023/block-grouping/instances/pfile1.pddl
PATTY-B-npc-chrpa,numeric/real-ipc-2023/tpp,files/numeric/real-ipc-2023/tpp/domain.pddl,files/numeric/real-ipc-2023/tpp/instances/pfile7.pddl
PATTY-G-nei-chrpa,numeric/real-ipc-2023/rover,files/numeric/real-ipc-2023/rover/domain.pddl,files/numeric/real-ipc-2023/rover/instances/pfile4.pddl
PATTY-B-npc,numeric/real-ipc-2023/pathwaysmetric,files/numeric/real-ipc-2023/pathwaysmetric/domain.pddl,files/numeric/real-ipc-2023/pathwaysmetric/instances/pfile9.pddl
PATTY-B-npc-chrpa,numeric/real-ipc-2023/fo-farmland,files/numeric/real-ipc-2023/fo-farmland/domain.pddl,files/numeric/real-ipc-2023/fo-farmland/instances/pfile19.pddl
PATTY-B-npc,numeric/real-ipc-2023/pathwaysmetric,files/numeric/real-ipc-2023/pathwaysmetric/domain.pddl,files/numeric/real-ipc-2023/pathwaysmetric/instances/pfile3.pddl
PATTY-G-nei,numeric/real-ipc-2023/tpp,files/numeric/real-ipc-2023/tpp/domain.pddl,files/numeric/real-ipc-2023/tpp/instances/pfile20.pddl
PATTY-B-npc-chrpa,numeric/real-ipc-2023/sugar,files/numeric/real-ipc-2023/sugar/domain.pddl,files/numeric/real-ipc-2023/sugar/instances/pfile5.pddl
PATTY-B-npc,numeric/line-exchange,files/numeric/line-exchange/domain.pddl,files/numeric/line-exchange/instances/5_15_90_100.pddl
PATTY-B-npc,numeric/real-ipc-2023/tpp,files/numeric/real-ipc-2023/tpp/domain.pddl,files/numeric/real-ipc-2023/tpp/instances/pfile11.pddl
PATTY-B-npc-chrpa,numeric/real-ipc-2023/hydropower,files/numeric/real-ipc-2023/hydropower/domain.pddl,files/numeric/real-ipc-2023/hydropower/instances/pfile6.pddl
PATTY-G-nei,numeric/real-ipc-2023/zenotravel,files/numeric/real-ipc-2023/zenotravel/domain.pddl,files/numeric/real-ipc-2023/zenotravel/instances/pfile8.pddl
PATTY-B-npc-chrpa,numeric/real-ipc-2023/zenotravel,files/numeric/real-ipc-2023/zenotravel/domain.pddl,files/numeric/real-ipc-2023/zenotravel/instances/pfile1.pddl
PATTY-G-nei,numeric/real-ipc-2023/tpp,files/numeric/real-ipc-2023/tpp/domain.pddl,files/numeric/real-ipc-2023/tpp/instances/pfile7.pddl
PATTY-B-npc,numeric/real-ipc-2023/sugar,files/numeric/real-ipc-2023/sugar/domain.pddl,files/numeric/real-ipc-2023/sugar/instances/pfile2.pddl
PATTY-G-nei,numeric/real-ipc-2023/fo-sailing,files/numeric/real-ipc-2023/fo-sailing/domain.pddl,files/numeric/real-ipc-2023/fo-sailing/instances/pfile10.pddl
PATTY-G-nei-chrpa,numeric/real-ipc-2023/counters,files/numeric/real-ipc-2023/counters/domain.pddl,files/numeric/real-ipc-2023/counters/instances/pfile15.pddl
PATTY-G-nei-chrpa,numeric/real-ipc-2023/hydropower,files/numeric/real-ipc-2023/hydropower/domain.pddl,files/numeric/real-ipc-2023/hydropower/instances/pfile9.pddl
PATTY-B-npc,numeric/line-exchange,files/numeric/line-exchange/domain.pddl,files/numeric/line-exchange/instances/3_10_90_50.pddl
PATTY-G-nei-chrpa,numeric/real-ipc-2023/tpp,files/numeric/real-ipc-2023/tpp/domain.pddl,files/numeric/real-ipc-2023/tpp/instances/pfile14.pddl
PATTY-B-npc-chrpa,numeric/real-ipc-2023/mprime,files/numeric/real-ipc-2023/mprime/domain.pddl,files/numeric/real-ipc-2023/mprime/instances/pfile5.pddl
PATTY-G-nei,numeric/real-ipc-2023/fo-farmland,files/numeric/real-ipc-2023/fo-farmland/domain.pddl,files/numeric/real-ipc-2023/fo-farmland/instances/pfile3.pddl
PATTY-G-nei-chrpa,numeric/real-ipc-2023/ext-plant-watering,files/numeric/real-ipc-2023/ext-plant-watering/domain.pddl,files/numeric/real-ipc-2023/ext-plant-watering/instances/pfile2.pddl
PATTY-G-nei,numeric/real-ipc-2023/settlers-compiled,files/numeric/real-ipc-2023/settlers-compiled/domain.pddl,files/numeric/real-ipc-2023/settlers-compiled/instances/pfile18.pddl
PATTY-G-nei,numeric/real-ipc-2023/fo-counters,files/numeric/real-ipc-2023/fo-counters/domain.pddl,files/numeric/real-ipc-2023/fo-counters/instances/pfile1.pddl
PATTY-G-nei-chrpa,numeric/real-ipc-2023/block-grouping,files/numeric/real-ipc-2023/block-grouping/domain.pddl,files/numeric/real-ipc-2023/block-grouping/instances/pfile13.pddl
PATTY-G-nei,numeric/real-ipc-2023/ext-plant-watering,files/numeric/real-ipc-2023/ext-plant-watering/domain.pddl,files/numeric/real-ipc-2023/ext-plant-watering/instances/pfile13.pddl
PATTY-G-nei-chrpa,numeric/real-ipc-2023/settlersnumeric,files/numeric/real-ipc-2023/settlersnumeric/domain.pddl,files/numeric/real-ipc-2023/settlersnumeric/instances/pfile18.pddl
PATTY-G-nei,numeric/real-ipc-2023/drone,files/numeric/real-ipc-2023/drone/domain.pddl,files/numeric/real-ipc-2023/drone/instances/pfile11.pddl
PATTY-G-nei,numeric/real-ipc-2023/settlersnumeric,files/numeric/real-ipc-2023/settlersnumeric/domain.pddl,files/numeric/real-ipc-2023/settlersnumeric/instances/pfile8.pddl
PATTY-G-nei,numeric/real-ipc-2023/fo-sailing,files/numeric/real-ipc-2023/fo-sailing/domain.pddl,files/numeric/real-ipc-2023/fo-sailing/instances/pfile6.pddl
PATTY-G-nei-chrpa,numeric/real-ipc-2023/expedition,files/numeric/real-ipc-2023/expedition/domain.pddl,files/numeric/real-ipc-2023/expedition/instances/pfile12.pddl
PATTY-B-npc,numeric/real-ipc-2023/ext-plant-watering,files/numeric/real-ipc-2023/ext-plant-watering/domain.pddl,files/numeric/real-ipc-2023/ext-plant-watering/instances/pfile10.pddl
PATTY-B-npc-chrpa,numeric/real-ipc-2023/rover,files/numeric/real-ipc-2023/rover/domain.pddl,files/numeric/real-ipc-2023/rover/instances/pfile17.pddl
PATTY-G-nei,numeric/real-ipc-2023/rover,files/numeric/real-ipc-2023/rover/domain.pddl,files/numeric/real-ipc-2023/rover/instances/pfile17.pddl
PATTY-G-nei,numeric/real-ipc-2023/tpp,files/numeric/real-ipc-2023/tpp/domain.pddl,files/numeric/real-ipc-2023/tpp/instances/pfile19.pddl
PATTY-B-npc,numeric/real-ipc-2023/fo-sailing,files/numeric/real-ipc-2023/fo-sailing/domain.pddl,files/numeric/real-ipc-2023/fo-sailing/instances/pfile13.pddl
PATTY-G-nei-chrpa,numeric/real-ipc-2023/sailing,files/numeric/real-ipc-2023/sailing/domain.pddl,files/numeric/real-ipc-2023/sailing/instances/pfile15.pddl
PATTY-B-npc,numeric/real-ipc-2023/markettrader,files/numeric/real-ipc-2023/markettrader/domain.pddl,files/numeric/real-ipc-2023/markettrader/instances/pfile8.pddl
PATTY-B-npc-chrpa,numeric/real-ipc-2023/rover,files/numeric/real-ipc-2023/rover/domain.pddl,files/numeric/real-ipc-2023/rover/instances/pfile13.pddl
PATTY-B-npc-chrpa,numeric/real-ipc-2023/delivery,files/numeric/real-ipc-2023/delivery/domain.pddl,files/numeric/real-ipc-2023/delivery/instances/pfile4.pddl
PATTY-B-npc-chrpa,numeric/real-ipc-2023/sugar,files/numeric/real-ipc-2023/sugar/domain.pddl,files/numeric/real-ipc-2023/sugar/instances/pfile11.pddl
PATTY-G-nei,numeric/real-ipc-2023/markettrader,files/numeric/real-ipc-2023/markettrader/domain.pddl,files/numeric/real-ipc-2023/markettrader/instances/pfile2.pddl
PATTY-B-npc-chrpa,numeric/real-ipc-2023/ext-plant-watering,files/numeric/real-ipc-2023/ext-plant-watering/domain.pddl,files/numeric/real-ipc-2023/ext-plant-watering/instances/pfile16.pddl
PATTY-G-nei-chrpa,numeric/real-ipc-2023/block-grouping,files/numeric/real-ipc-2023/block-grouping/domain.pddl,files/numeric/real-ipc-2023/block-grouping/instances/pfile12.pddl
PATTY-G-nei-chrpa,numeric/real-ipc-2023/delivery,files/numeric/real-ipc-2023/delivery/domain.pddl,files/numeric/real-ipc-2023/delivery/instances/pfile7.pddl
PATTY-B-npc-chrpa,numeric/real-ipc-2023/block-grouping,files/numeric/real-ipc-2023/block-grouping/domain.pddl,files/numeric/real-ipc-2023/block-grouping/instances/pfile20.pddl
PATTY-B-npc,numeric/real-ipc-2023/settlersnumeric,files/numeric/real-ipc-2023/settlersnumeric/domain.pddl,files/numeric/real-ipc-2023/settlersnumeric/instances/pfile18.pddl
PATTY-G-nei-chrpa,numeric/real-ipc-2023/fo-sailing,files/numeric/real-ipc-2023/fo-sailing/domain.pddl,files/numeric/real-ipc-2023/fo-sailing/instances/pfile14.pddl
PATTY-G-nei-chrpa,numeric/real-ipc-2023/fo-counters,files/numeric/real-ipc-2023/fo-counters/domain.pddl,files/numeric/real-ipc-2023/fo-counters/instances/pfile12.pddl
PATTY-G-nei,numeric/real-ipc-2023/settlersnumeric,files/numeric/real-ipc-2023/settlersnumeric/domain.pddl,files/numeric/real-ipc-2023/settlersnumeric/instances/pfile5.pddl
PATTY-G-nei,numeric/real-ipc-2023/farmland,files/numeric/real-ipc-2023/farmland/domain.pddl,files/numeric/real-ipc-2023/farmland/instances/pfile17.pddl
PATTY-B-npc-chrpa,numeric/real-ipc-2023/block-grouping,files/numeric/real-ipc-2023/block-grouping/domain.pddl,files/numeric/real-ipc-2023/block-grouping/instances/pfile17.pddl
PATTY-G-nei-chrpa,numeric/line-exchange,files/numeric/line-exchange/domain.pddl,files/numeric/line-exchange/instances/4_15_50_10.pddl
PATTY-G-nei-chrpa,numeric/real-ipc-2023/fo-farmland,files/numeric/real-ipc-2023/fo-farmland/domain.pddl,files/numeric/real-ipc-2023/fo-farmland/instances/pfile17.pddl
PATTY-G-nei,numeric/real-ipc-2023/mprime,files/numeric/real-ipc-2023/mprime/domain.pddl,files/numeric/real-ipc-2023/mprime/instances/pfile3.pddl
PATTY-G-nei-chrpa,numeric/real-ipc-2023/rover,files/numeric/real-ipc-2023/rover/domain.pddl,files/numeric/real-ipc-2023/rover/instances/pfile8.pddl
PATTY-B-npc,numeric/real-ipc-2023/markettrader,files/numeric/real-ipc-2023/markettrader/domain.pddl,files/numeric/real-ipc-2023/markettrader/instances/pfile12.pddl
PATTY-B-npc,numeric/real-ipc-2023/block-grouping,files/numeric/real-ipc-2023/block-grouping/domain.pddl,files/numeric/real-ipc-2023/block-grouping/instances/pfile19.pddl
PATTY-G-nei,numeric/real-ipc-2023/expedition,files/numeric/real-ipc-2023/expedition/domain.pddl,files/numeric/real-ipc-2023/expedition/instances/pfile15.pddl
PATTY-G-nei,numeric/real-ipc-2023/drone,files/numeric/real-ipc-2023/drone/domain.pddl,files/numeric/real-ipc-2023/drone/instances/pfile9.pddl
PATTY-B-npc,numeric/real-ipc-2023/ext-plant-watering,files/numeric/real-ipc-2023/ext-plant-watering/domain.pddl,files/numeric/real-ipc-2023/ext-plant-watering/instances/pfile17.pddl
PATTY-G-nei-chrpa,numeric/real-ipc-2023/fo-counters,files/numeric/real-ipc-2023/fo-counters/domain.pddl,files/numeric/real-ipc-2023/fo-counters/instances/pfile10.pddl
PATTY-B-npc,numeric/real-ipc-2023/delivery,files/numeric/real-ipc-2023/delivery/domain.pddl,files/numeric/real-ipc-2023/delivery/instances/pfile9.pddl
PATTY-G-nei-chrpa,numeric/real-ipc-2023/sugar,files/numeric/real-ipc-2023/sugar/domain.pddl,files/numeric/real-ipc-2023/sugar/instances/pfile6.pddl
PATTY-G-nei-chrpa,numeric/real-ipc-2023/counters,files/numeric/real-ipc-2023/counters/domain.pddl,files/numeric/real-ipc-2023/counters/instances/pfile19.pddl
PATTY-B-npc-chrpa,numeric/real-ipc-2023/drone,files/numeric/real-ipc-2023/drone/domain.pddl,files/numeric/real-ipc-2023/drone/instances/pfile15.pddl
PATTY-G-nei,numeric/real-ipc-2023/farmland,files/numeric/real-ipc-2023/farmland/domain.pddl,files/numeric/real-ipc-2023/farmland/instances/pfile19.pddl
PATTY-B-npc-chrpa,numeric/real-ipc-2023/fo-sailing,files/numeric/real-ipc-2023/fo-sailing/domain.pddl,files/numeric/real-ipc-2023/fo-sailing/instances/pfile20.pddl
PATTY-G-nei-chrpa,numeric/real-ipc-2023/tpp,files/numeric/real-ipc-2023/tpp/domain.pddl,files/numeric/real-ipc-2023/tpp/instances/pfile11.pddl
PATTY-B-npc,numeric/real-ipc-2023/hydropower,files/numeric/real-ipc-2023/hydropower/domain.pddl,files/numeric/real-ipc-2023/hydropower/instances/pfile6.pddl
PATTY-G-nei-chrpa,numeric/real-ipc-2023/counters,files/numeric/real-ipc-2023/counters/domain.pddl,files/numeric/real-ipc-2023/counters/instances/pfile9.pddl
PATTY-G-nei-chrpa,numeric/real-ipc-2023/fo-sailing,files/numeric/real-ipc-2023/fo-sailing/domain.pddl,files/numeric/real-ipc-2023/fo-sailing/instances/pfile15.pddl
PATTY-B-npc-chrpa,numeric/real-ipc-2023/markettrader,files/numeric/real-ipc-2023/markettrader/domain.pddl,files/numeric/real-ipc-2023/markettrader/instances/pfile7.pddl
PATTY-G-nei,numeric/real-ipc-2023/markettrader,files/numeric/real-ipc-2023/markettrader/domain.pddl,files/numeric/real-ipc-2023/markettrader/instances/pfile11.pddl
PATTY-B-npc,numeric/real-ipc-2023/fo-farmland,files/numeric/real-ipc-2023/fo-farmland/domain.pddl,files/numeric/real-ipc-2023/fo-farmland/instances/pfile15.pddl
PATTY-G-nei-chrpa,numeric/real-ipc-2023/drone,files/numeric/real-ipc-2023/drone/domain.pddl,files/numeric/real-ipc-2023/drone/instances/pfile10.pddl
PATTY-B-npc,numeric/real-ipc-2023/sailing,files/numeric/real-ipc-2023/sailing/domain.pddl,files/numeric/real-ipc-2023/sailing/instances/pfile18.pddl
PATTY-B-npc,numeric/real-ipc-2023/ext-plant-watering,files/numeric/real-ipc-2023/ext-plant-watering/domain.pddl,files/numeric/real-ipc-2023/ext-plant-watering/instances/pfile6.pddl
PATTY-B-npc-chrpa,numeric/real-ipc-2023/farmland,files/numeric/real-ipc-2023/farmland/domain.pddl,files/numeric/real-ipc-2023/farmland/instances/pfile20.pddl
PATTY-G-nei-chrpa,numeric/real-ipc-2023/zenotravel,files/numeric/real-ipc-2023/zenotravel/domain.pddl,files/numeric/real-ipc-2023/zenotravel/instances/pfile16.pddl
PATTY-G-nei-chrpa,numeric/real-ipc-2023/drone,files/numeric/real-ipc-2023/drone/domain.pddl,files/numeric/real-ipc-2023/drone/instances/pfile13.pddl
PATTY-G-nei-chrpa,numeric/real-ipc-2023/pathwaysmetric,files/numeric/real-ipc-2023/pathwaysmetric/domain.pddl,files/numeric/real-ipc-2023/pathwaysmetric/instances/pfile12.pddl
PATTY-B-npc,numeric/real-ipc-2023/markettrader,files/numeric/real-ipc-2023/markettrader/domain.pddl,files/numeric/real-ipc-2023/markettrader/instances/pfile4.pddl
PATTY-B-npc,numeric/real-ipc-2023/pathwaysmetric,files/numeric/real-ipc-2023/pathwaysmetric/domain.pddl,files/numeric/real-ipc-2023/pathwaysmetric/instances/pfile5.pddl
PATTY-G-nei-chrpa,numeric/real-ipc-2023/tpp,files/numeric/real-ipc-2023/tpp/domain.pddl,files/numeric/real-ipc-2023/tpp/instances/pfile1.pddl
PATTY-G-nei,numeric/line-exchange,files/numeric/line-exchange/domain.pddl,files/numeric/line-exchange/instances/5_15_50_50.pddl
PATTY-B-npc,numeric/real-ipc-2023/fo-farmland,files/numeric/real-ipc-2023/fo-farmland/domain.pddl,files/numeric/real-ipc-2023/fo-farmland/instances/pfile6.pddl
PATTY-G-nei-chrpa,numeric/real-ipc-2023/tpp,files/numeric/real-ipc-2023/tpp/domain.pddl,files/numeric/real-ipc-2023/tpp/instances/pfile18.pddl
PATTY-B-npc-chrpa,numeric/real-ipc-2023/fo-sailing,files/numeric/real-ipc-2023/fo-sailing/domain.pddl,files/numeric/real-ipc-2023/fo-sailing/instances/pfile5.pddl
PATTY-G-nei-chrpa,numeric/real-ipc-2023/zenotravel,files/numeric/real-ipc-2023/zenotravel/domain.pddl,files/numeric/real-ipc-2023/zenotravel/instances/pfile4.pddl
PATTY-G-nei,numeric/real-ipc-2023/expedition,files/numeric/real-ipc-2023/expedition/domain.pddl,files/numeric/real-ipc-2023/expedition/instances/pfile7.pddl
PATTY-G-nei-chrpa,numeric/real-ipc-2023/sugar,files/numeric/real-ipc-2023/sugar/domain.pddl,files/numeric/real-ipc-2023/sugar/instances/pfile11.pddl
PATTY-B-npc-chrpa,numeric/real-ipc-2023/settlers-compiled,files/numeric/real-ipc-2023/settlers-compiled/domain.pddl,files/numeric/real-ipc-2023/settlers-compiled/instances/pfile7.pddl
PATTY-B-npc,numeric/real-ipc-2023/rover,files/numeric/real-ipc-2023/rover/domain.pddl,files/numeric/real-ipc-2023/rover/instances/pfile1.pddl
PATTY-B-npc-chrpa,numeric/real-ipc-2023/fo-counters,files/numeric/real-ipc-2023/fo-counters/domain.pddl,files/numeric/real-ipc-2023/fo-counters/instances/pfile12.pddl
PATTY-B-npc-chrpa,numeric/real-ipc-2023/zenotravel,files/numeric/real-ipc-2023/zenotravel/domain.pddl,files/numeric/real-ipc-2023/zenotravel/instances/pfile3.pddl
PATTY-G-nei,numeric/real-ipc-2023/counters,files/numeric/real-ipc-2023/counters/domain.pddl,files/numeric/real-ipc-2023/counters/instances/pfile4.pddl
PATTY-B-npc-chrpa,numeric/real-ipc-2023/zenotravel,files/numeric/real-ipc-2023/zenotravel/domain.pddl,files/numeric/real-ipc-2023/zenotravel/instances/pfile2.pddl
PATTY-G-nei,numeric/real-ipc-2023/counters,files/numeric/real-ipc-2023/counters/domain.pddl,files/numeric/real-ipc-2023/counters/instances/pfile20.pddl
PATTY-G-nei,numeric/real-ipc-2023/block-grouping,files/numeric/real-ipc-2023/block-grouping/domain.pddl,files/numeric/real-ipc-2023/block-grouping/instances/pfile2.pddl
PATTY-B-npc-chrpa,numeric/real-ipc-2023/counters,files/numeric/real-ipc-2023/counters/domain.pddl,files/numeric/real-ipc-2023/counters/instances/pfile2.pddl
PATTY-G-nei-chrpa,numeric/real-ipc-2023/farmland,files/numeric/real-ipc-2023/farmland/domain.pddl,files/numeric/real-ipc-2023/farmland/instances/pfile3.pddl
PATTY-B-npc-chrpa,numeric/real-ipc-2023/drone,files/numeric/real-ipc-2023/drone/domain.pddl,files/numeric/real-ipc-2023/drone/instances/pfile2.pddl
PATTY-G-nei,numeric/real-ipc-2023/block-grouping,files/numeric/real-ipc-2023/block-grouping/domain.pddl,files/numeric/real-ipc-2023/block-grouping/instances/pfile9.pddl
PATTY-G-nei-chrpa,numeric/real-ipc-2023/block-grouping,files/numeric/real-ipc-2023/block-grouping/domain.pddl,files/numeric/real-ipc-2023/block-grouping/instances/pfile15.pddl
PATTY-G-nei-chrpa,numeric/real-ipc-2023/markettrader,files/numeric/real-ipc-2023/markettrader/domain.pddl,files/numeric/real-ipc-2023/markettrader/instances/pfile7.pddl
PATTY-B-npc,numeric/real-ipc-2023/ext-plant-watering,files/numeric/real-ipc-2023/ext-plant-watering/domain.pddl,files/numeric/real-ipc-2023/ext-plant-watering/instances/pfile8.pddl
PATTY-G-nei,numeric/real-ipc-2023/hydropower,files/numeric/real-ipc-2023/hydropower/domain.pddl,files/numeric/real-ipc-2023/hydropower/instances/pfile17.pddl
PATTY-B-npc,numeric/real-ipc-2023/counters,files/numeric/real-ipc-2023/counters/domain.pddl,files/numeric/real-ipc-2023/counters/instances/pfile3.pddl
PATTY-B-npc-chrpa,numeric/real-ipc-2023/mprime,files/numeric/real-ipc-2023/mprime/domain.pddl,files/numeric/real-ipc-2023/mprime/instances/pfile2.pddl
PATTY-G-nei,numeric/real-ipc-2023/fo-sailing,files/numeric/real-ipc-2023/fo-sailing/domain.pddl,files/numeric/real-ipc-2023/fo-sailing/instances/pfile16.pddl
PATTY-B-npc,numeric/line-exchange,files/numeric/line-exchange/domain.pddl,files/numeric/line-exchange/instances/3_15_25_100.pddl
PATTY-G-nei,numeric/real-ipc-2023/mprime,files/numeric/real-ipc-2023/mprime/domain.pddl,files/numeric/real-ipc-2023/mprime/instances/pfile10.pddl
PATTY-B-npc-chrpa,numeric/real-ipc-2023/fo-sailing,files/numeric/real-ipc-2023/fo-sailing/domain.pddl,files/numeric/real-ipc-2023/fo-sailing/instances/pfile7.pddl
PATTY-G-nei,numeric/real-ipc-2023/markettrader,files/numeric/real-ipc-2023/markettrader/domain.pddl,files/numeric/real-ipc-2023/markettrader/instances/pfile20.pddl
PATTY-G-nei-chrpa,numeric/real-ipc-2023/settlers-compiled,files/numeric/real-ipc-2023/settlers-compiled/domain.pddl,files/numeric/real-ipc-2023/settlers-compiled/instances/pfile13.pddl
PATTY-G-nei-chrpa,numeric/real-ipc-2023/settlersnumeric,files/numeric/real-ipc-2023/settlersnumeric/domain.pddl,files/numeric/real-ipc-2023/settlersnumeric/instances/pfile11.pddl
PATTY-B-npc,numeric/real-ipc-2023/rover,files/numeric/real-ipc-2023/rover/domain.pddl,files/numeric/real-ipc-2023/rover/instances/pfile9.pddl
PATTY-G-nei-chrpa,numeric/real-ipc-2023/sailing,files/numeric/real-ipc-2023/sailing/domain.pddl,files/numeric/real-ipc-2023/sailing/instances/pfile16.pddl
PATTY-B-npc-chrpa,numeric/real-ipc-2023/counters,files/numeric/real-ipc-2023/counters/domain.pddl,files/numeric/real-ipc-2023/counters/instances/pfile13.pddl
PATTY-B-npc-chrpa,numeric/real-ipc-2023/markettrader,files/numeric/real-ipc-2023/markettrader/domain.pddl,files/numeric/real-ipc-2023/markettrader/instances/pfile3.pddl
PATTY-G-nei-chrpa,numeric/line-exchange,files/numeric/line-exchange/domain.pddl,files/numeric/line-exchange/instances/3_15_90_10.pddl
PATTY-B-npc-chrpa,numeric/real-ipc-2023/sailing,files/numeric/real-ipc-2023/sailing/domain.pddl,files/numeric/real-ipc-2023/sailing/instances/pfile11.pddl
PATTY-B-npc,numeric/real-ipc-2023/hydropower,files/numeric/real-ipc-2023/hydropower/domain.pddl,files/numeric/real-ipc-2023/hydropower/instances/pfile15.pddl
PATTY-G-nei,numeric/real-ipc-2023/ext-plant-watering,files/numeric/real-ipc-2023/ext-plant-watering/domain.pddl,files/numeric/real-ipc-2023/ext-plant-watering/instances/pfile20.pddl
PATTY-G-nei,numeric/real-ipc-2023/mprime,files/numeric/real-ipc-2023/mprime/domain.pddl,files/numeric/real-ipc-2023/mprime/instances/pfile20.pddl
PATTY-B-npc,numeric/real-ipc-2023/expedition,files/numeric/real-ipc-2023/expedition/domain.pddl,files/numeric/real-ipc-2023/expedition/instances/pfile1.pddl
PATTY-G-nei,numeric/real-ipc-2023/tpp,files/numeric/real-ipc-2023/tpp/domain.pddl,files/numeric/real-ipc-2023/tpp/instances/pfile11.pddl
PATTY-B-npc-chrpa,numeric/real-ipc-2023/counters,files/numeric/real-ipc-2023/counters/domain.pddl,files/numeric/real-ipc-2023/counters/instances/pfile12.pddl
PATTY-B-npc,numeric/real-ipc-2023/markettrader,files/numeric/real-ipc-2023/markettrader/domain.pddl,files/numeric/real-ipc-2023/markettrader/instances/pfile13.pddl
PATTY-G-nei,numeric/line-exchange,files/numeric/line-exchange/domain.pddl,files/numeric/line-exchange/instances/5_5_25_100.pddl
PATTY-G-nei-chrpa,numeric/real-ipc-2023/fo-counters,files/numeric/real-ipc-2023/fo-counters/domain.pddl,files/numeric/real-ipc-2023/fo-counters/instances/pfile14.pddl
PATTY-G-nei-chrpa,numeric/real-ipc-2023/ext-plant-watering,files/numeric/real-ipc-2023/ext-plant-watering/domain.pddl,files/numeric/real-ipc-2023/ext-plant-watering/instances/pfile5.pddl
PATTY-B-npc-chrpa,numeric/line-exchange,files/numeric/line-exchange/domain.pddl,files/numeric/line-exchange/instances/5_5_25_100.pddl
PATTY-B-npc,numeric/real-ipc-2023/settlers-compiled,files/numeric/real-ipc-2023/settlers-compiled/domain.pddl,files/numeric/real-ipc-2023/settlers-compiled/instances/pfile11.pddl
PATTY-B-npc,numeric/real-ipc-2023/drone,files/numeric/real-ipc-2023/drone/domain.pddl,files/numeric/real-ipc-2023/drone/instances/pfile11.pddl
PATTY-G-nei,numeric/real-ipc-2023/zenotravel,files/numeric/real-ipc-2023/zenotravel/domain.pddl,files/numeric/real-ipc-2023/zenotravel/instances/pfile19.pddl
PATTY-G-nei,numeric/real-ipc-2023/drone,files/numeric/real-ipc-2023/drone/domain.pddl,files/numeric/real-ipc-2023/drone/instances/pfile19.pddl
PATTY-G-nei-chrpa,numeric/real-ipc-2023/delivery,files/numeric/real-ipc-2023/delivery/domain.pddl,files/numeric/real-ipc-2023/delivery/instances/pfile2.pddl
PATTY-G-nei,numeric/real-ipc-2023/fo-farmland,files/numeric/real-ipc-2023/fo-farmland/domain.pddl,files/numeric/real-ipc-2023/fo-farmland/instances/pfile15.pddl
PATTY-G-nei,numeric/real-ipc-2023/expedition,files/numeric/real-ipc-2023/expedition/domain.pddl,files/numeric/real-ipc-2023/expedition/instances/pfile3.pddl
PATTY-B-npc-chrpa,numeric/real-ipc-2023/pathwaysmetric,files/numeric/real-ipc-2023/pathwaysmetric/domain.pddl,files/numeric/real-ipc-2023/pathwaysmetric/instances/pfile8.pddl
PATTY-G-nei,numeric/real-ipc-2023/sugar,files/numeric/real-ipc-2023/sugar/domain.pddl,files/numeric/real-ipc-2023/sugar/instances/pfile4.pddl
PATTY-G-nei,numeric/real-ipc-2023/fo-farmland,files/numeric/real-ipc-2023/fo-farmland/domain.pddl,files/numeric/real-ipc-2023/fo-farmland/instances/pfile2.pddl
PATTY-B-npc,numeric/real-ipc-2023/ext-plant-watering,files/numeric/real-ipc-2023/ext-plant-watering/domain.pddl,files/numeric/real-ipc-2023/ext-plant-watering/instances/pfile5.pddl
PATTY-G-nei,numeric/real-ipc-2023/mprime,files/numeric/real-ipc-2023/mprime/domain.pddl,files/numeric/real-ipc-2023/mprime/instances/pfile18.pddl
PATTY-G-nei-chrpa,numeric/line-exchange,files/numeric/line-exchange/domain.pddl,files/numeric/line-exchange/instances/5_10_50_100.pddl
PATTY-B-npc-chrpa,numeric/real-ipc-2023/fo-counters,files/numeric/real-ipc-2023/fo-counters/domain.pddl,files/numeric/real-ipc-2023/fo-counters/instances/pfile20.pddl
PATTY-B-npc-chrpa,numeric/real-ipc-2023/mprime,files/numeric/real-ipc-2023/mprime/domain.pddl,files/numeric/real-ipc-2023/mprime/instances/pfile4.pddl
PATTY-G-nei-chrpa,numeric/real-ipc-2023/hydropower,files/numeric/real-ipc-2023/hydropower/domain.pddl,files/numeric/real-ipc-2023/hydropower/instances/pfile3.pddl
PATTY-B-npc,numeric/real-ipc-2023/fo-sailing,files/numeric/real-ipc-2023/fo-sailing/domain.pddl,files/numeric/real-ipc-2023/fo-sailing/instances/pfile19.pddl
PATTY-B-npc,numeric/line-exchange,files/numeric/line-exchange/domain.pddl,files/numeric/line-exchange/instances/5_5_25_100.pddl
PATTY-G-nei,numeric/real-ipc-2023/sugar,files/numeric/real-ipc-2023/sugar/domain.pddl,files/numeric/real-ipc-2023/sugar/instances/pfile9.pddl
PATTY-G-nei-chrpa,numeric/real-ipc-2023/pathwaysmetric,files/numeric/real-ipc-2023/pathwaysmetric/domain.pddl,files/numeric/real-ipc-2023/pathwaysmetric/instances/pfile15.pddl
PATTY-G-nei,numeric/real-ipc-2023/settlersnumeric,files/numeric/real-ipc-2023/settlersnumeric/domain.pddl,files/numeric/real-ipc-2023/settlersnumeric/instances/pfile15.pddl
PATTY-G-nei,numeric/line-exchange,files/numeric/line-exchange/domain.pddl,files/numeric/line-exchange/instances/4_10_25_10.pddl
PATTY-B-npc-chrpa,numeric/real-ipc-2023/fo-counters,files/numeric/real-ipc-2023/fo-counters/domain.pddl,files/numeric/real-ipc-2023/fo-counters/instances/pfile9.pddl
PATTY-G-nei-chrpa,numeric/real-ipc-2023/fo-farmland,files/numeric/real-ipc-2023/fo-farmland/domain.pddl,files/numeric/real-ipc-2023/fo-farmland/instances/pfile14.pddl
PATTY-G-nei,numeric/real-ipc-2023/delivery,files/numeric/real-ipc-2023/delivery/domain.pddl,files/numeric/real-ipc-2023/delivery/instances/pfile16.pddl
PATTY-G-nei-chrpa,numeric/line-exchange,files/numeric/line-exchange/domain.pddl,files/numeric/line-exchange/instances/4_10_25_10.pddl
PATTY-B-npc,numeric/real-ipc-2023/sailing,files/numeric/real-ipc-2023/sailing/domain.pddl,files/numeric/real-ipc-2023/sailing/instances/pfile6.pddl
PATTY-B-npc-chrpa,numeric/real-ipc-2023/fo-farmland,files/numeric/real-ipc-2023/fo-farmland/domain.pddl,files/numeric/real-ipc-2023/fo-farmland/instances/pfile15.pddl
PATTY-B-npc,numeric/real-ipc-2023/settlers-compiled,files/numeric/real-ipc-2023/settlers-compiled/domain.pddl,files/numeric/real-ipc-2023/settlers-compiled/instances/pfile7.pddl
PATTY-G-nei,numeric/real-ipc-2023/expedition,files/numeric/real-ipc-2023/expedition/domain.pddl,files/numeric/real-ipc-2023/expedition/instances/pfile2.pddl
PATTY-G-nei,numeric/line-exchange,files/numeric/line-exchange/domain.pddl,files/numeric/line-exchange/instances/4_15_50_10.pddl
PATTY-G-nei,numeric/real-ipc-2023/rover,files/numeric/real-ipc-2023/rover/domain.pddl,files/numeric/real-ipc-2023/rover/instances/pfile5.pddl
PATTY-B-npc,numeric/real-ipc-2023/mprime,files/numeric/real-ipc-2023/mprime/domain.pddl,files/numeric/real-ipc-2023/mprime/instances/pfile13.pddl
PATTY-G-nei,numeric/real-ipc-2023/expedition,files/numeric/real-ipc-2023/expedition/domain.pddl,files/numeric/real-ipc-2023/expedition/instances/pfile5.pddl
PATTY-G-nei,numeric/real-ipc-2023/mprime,files/numeric/real-ipc-2023/mprime/domain.pddl,files/numeric/real-ipc-2023/mprime/instances/pfile15.pddl
PATTY-G-nei,numeric/real-ipc-2023/markettrader,files/numeric/real-ipc-2023/markettrader/domain.pddl,files/numeric/real-ipc-2023/markettrader/instances/pfile19.pddl
PATTY-B-npc-chrpa,numeric/real-ipc-2023/fo-counters,files/numeric/real-ipc-2023/fo-counters/domain.pddl,files/numeric/real-ipc-2023/fo-counters/instances/pfile1.pddl
PATTY-B-npc,numeric/real-ipc-2023/settlers-compiled,files/numeric/real-ipc-2023/settlers-compiled/domain.pddl,files/numeric/real-ipc-2023/settlers-compiled/instances/pfile5.pddl
PATTY-B-npc-chrpa,numeric/real-ipc-2023/block-grouping,files/numeric/real-ipc-2023/block-grouping/domain.pddl,files/numeric/real-ipc-2023/block-grouping/instances/pfile1.pddl
PATTY-G-nei-chrpa,numeric/real-ipc-2023/zenotravel,files/numeric/real-ipc-2023/zenotravel/domain.pddl,files/numeric/real-ipc-2023/zenotravel/instances/pfile17.pddl
PATTY-B-npc,numeric/real-ipc-2023/delivery,files/numeric/real-ipc-2023/delivery/domain.pddl,files/numeric/real-ipc-2023/delivery/instances/pfile16.pddl
PATTY-B-npc-chrpa,numeric/real-ipc-2023/delivery,files/numeric/real-ipc-2023/delivery/domain.pddl,files/numeric/real-ipc-2023/delivery/instances/pfile6.pddl
PATTY-G-nei-chrpa,numeric/real-ipc-2023/tpp,files/numeric/real-ipc-2023/tpp/domain.pddl,files/numeric/real-ipc-2023/tpp/instances/pfile6.pddl
PATTY-B-npc,numeric/real-ipc-2023/settlersnumeric,files/numeric/real-ipc-2023/settlersnumeric/domain.pddl,files/numeric/real-ipc-2023/settlersnumeric/instances/pfile17.pddl
PATTY-G-nei,numeric/real-ipc-2023/settlers-compiled,files/numeric/real-ipc-2023/settlers-compiled/domain.pddl,files/numeric/real-ipc-2023/settlers-compiled/instances/pfile13.pddl
PATTY-B-npc-chrpa,numeric/real-ipc-2023/drone,files/numeric/real-ipc-2023/drone/domain.pddl,files/numeric/real-ipc-2023/drone/instances/pfile1.pddl
PATTY-B-npc,numeric/real-ipc-2023/delivery,files/numeric/real-ipc-2023/delivery/domain.pddl,files/numeric/real-ipc-2023/delivery/instances/pfile8.pddl
PATTY-G-nei-chrpa,numeric/real-ipc-2023/delivery,files/numeric/real-ipc-2023/delivery/domain.pddl,files/numeric/real-ipc-2023/delivery/instances/pfile1.pddl
PATTY-B-npc,numeric/real-ipc-2023/rover,files/numeric/real-ipc-2023/rover/domain.pddl,files/numeric/real-ipc-2023/rover/instances/pfile6.pddl
PATTY-B-npc-chrpa,numeric/real-ipc-2023/hydropower,files/numeric/real-ipc-2023/hydropower/domain.pddl,files/numeric/real-ipc-2023/hydropower/instances/pfile19.pddl
PATTY-G-nei,numeric/real-ipc-2023/mprime,files/numeric/real-ipc-2023/mprime/domain.pddl,files/numeric/real-ipc-2023/mprime/instances/pfile12.pddl
PATTY-G-nei-chrpa,numeric/real-ipc-2023/expedition,files/numeric/real-ipc-2023/expedition/domain.pddl,files/numeric/real-ipc-2023/expedition/instances/pfile4.pddl
PATTY-G-nei,numeric/real-ipc-2023/ext-plant-watering,files/numeric/real-ipc-2023/ext-plant-watering/domain.pddl,files/numeric/real-ipc-2023/ext-plant-watering/instances/pfile16.pddl
PATTY-G-nei-chrpa,numeric/real-ipc-2023/markettrader,files/numeric/real-ipc-2023/markettrader/domain.pddl,files/numeric/real-ipc-2023/markettrader/instances/pfile18.pddl
PATTY-G-nei-chrpa,numeric/real-ipc-2023/delivery,files/numeric/real-ipc-2023/delivery/domain.pddl,files/numeric/real-ipc-2023/delivery/instances/pfile4.pddl
PATTY-B-npc,numeric/real-ipc-2023/fo-counters,files/numeric/real-ipc-2023/fo-counters/domain.pddl,files/numeric/real-ipc-2023/fo-counters/instances/pfile6.pddl
PATTY-B-npc-chrpa,numeric/real-ipc-2023/hydropower,files/numeric/real-ipc-2023/hydropower/domain.pddl,files/numeric/real-ipc-2023/hydropower/instances/pfile1.pddl
PATTY-G-nei-chrpa,numeric/real-ipc-2023/mprime,files/numeric/real-ipc-2023/mprime/domain.pddl,files/numeric/real-ipc-2023/mprime/instances/pfile14.pddl
PATTY-B-npc-chrpa,numeric/real-ipc-2023/sugar,files/numeric/real-ipc-2023/sugar/domain.pddl,files/numeric/real-ipc-2023/sugar/instances/pfile8.pddl
PATTY-B-npc,numeric/real-ipc-2023/sailing,files/numeric/real-ipc-2023/sailing/domain.pddl,files/numeric/real-ipc-2023/sailing/instances/pfile10.pddl
PATTY-B-npc,numeric/real-ipc-2023/settlersnumeric,files/numeric/real-ipc-2023/settlersnumeric/domain.pddl,files/numeric/real-ipc-2023/settlersnumeric/instances/pfile13.pddl
PATTY-G-nei-chrpa,numeric/real-ipc-2023/counters,files/numeric/real-ipc-2023/counters/domain.pddl,files/numeric/real-ipc-2023/counters/instances/pfile3.pddl
PATTY-B-npc-chrpa,numeric/real-ipc-2023/settlersnumeric,files/numeric/real-ipc-2023/settlersnumeric/domain.pddl,files/numeric/real-ipc-2023/settlersnumeric/instances/pfile10.pddl
PATTY-B-npc,numeric/real-ipc-2023/block-grouping,files/numeric/real-ipc-2023/block-grouping/domain.pddl,files/numeric/real-ipc-2023/block-grouping/instances/pfile13.pddl
PATTY-G-nei,numeric/real-ipc-2023/fo-counters,files/numeric/real-ipc-2023/fo-counters/domain.pddl,files/numeric/real-ipc-2023/fo-counters/instances/pfile19.pddl
PATTY-B-npc-chrpa,numeric/real-ipc-2023/pathwaysmetric,files/numeric/real-ipc-2023/pathwaysmetric/domain.pddl,files/numeric/real-ipc-2023/pathwaysmetric/instances/pfile19.pddl
PATTY-G-nei-chrpa,numeric/real-ipc-2023/sailing,files/numeric/real-ipc-2023/sailing/domain.pddl,files/numeric/real-ipc-2023/sailing/instances/pfile5.pddl
PATTY-B-npc-chrpa,numeric/real-ipc-2023/zenotravel,files/numeric/real-ipc-2023/zenotravel/domain.pddl,files/numeric/real-ipc-2023/zenotravel/instances/pfile19.pddl
PATTY-B-npc-chrpa,numeric/real-ipc-2023/fo-sailing,files/numeric/real-ipc-2023/fo-sailing/domain.pddl,files/numeric/real-ipc-2023/fo-sailing/instances/pfile12.pddl
PATTY-G-nei-chrpa,numeric/real-ipc-2023/settlers-compiled,files/numeric/real-ipc-2023/settlers-compiled/domain.pddl,files/numeric/real-ipc-2023/settlers-compiled/instances/pfile6.pddl
PATTY-B-npc-chrpa,numeric/real-ipc-2023/rover,files/numeric/real-ipc-2023/rover/domain.pddl,files/numeric/real-ipc-2023/rover/instances/pfile18.pddl
PATTY-G-nei-chrpa,numeric/real-ipc-2023/counters,files/numeric/real-ipc-2023/counters/domain.pddl,files/numeric/real-ipc-2023/counters/instances/pfile20.pddl
PATTY-B-npc-chrpa,numeric/real-ipc-2023/markettrader,files/numeric/real-ipc-2023/markettrader/domain.pddl,files/numeric/real-ipc-2023/markettrader/instances/pfile14.pddl
PATTY-G-nei,numeric/real-ipc-2023/settlersnumeric,files/numeric/real-ipc-2023/settlersnumeric/domain.pddl,files/numeric/real-ipc-2023/settlersnumeric/instances/pfile18.pddl
PATTY-G-nei-chrpa,numeric/real-ipc-2023/farmland,files/numeric/real-ipc-2023/farmland/domain.pddl,files/numeric/real-ipc-2023/farmland/instances/pfile5.pddl
PATTY-B-npc-chrpa,numeric/real-ipc-2023/sailing,files/numeric/real-ipc-2023/sailing/domain.pddl,files/numeric/real-ipc-2023/sailing/instances/pfile14.pddl
PATTY-G-nei,numeric/real-ipc-2023/delivery,files/numeric/real-ipc-2023/delivery/domain.pddl,files/numeric/real-ipc-2023/delivery/instances/pfile5.pddl
PATTY-G-nei-chrpa,numeric/real-ipc-2023/fo-farmland,files/numeric/real-ipc-2023/fo-farmland/domain.pddl,files/numeric/real-ipc-2023/fo-farmland/instances/pfile13.pddl
PATTY-G-nei-chrpa,numeric/real-ipc-2023/tpp,files/numeric/real-ipc-2023/tpp/domain.pddl,files/numeric/real-ipc-2023/tpp/instances/pfile12.pddl
PATTY-B-npc,numeric/real-ipc-2023/drone,files/numeric/real-ipc-2023/drone/domain.pddl,files/numeric/real-ipc-2023/drone/instances/pfile2.pddl
PATTY-G-nei,numeric/real-ipc-2023/tpp,files/numeric/real-ipc-2023/tpp/domain.pddl,files/numeric/real-ipc-2023/tpp/instances/pfile16.pddl
PATTY-B-npc-chrpa,numeric/real-ipc-2023/drone,files/numeric/real-ipc-2023/drone/domain.pddl,files/numeric/real-ipc-2023/drone/instances/pfile4.pddl
PATTY-B-npc-chrpa,numeric/real-ipc-2023/block-grouping,files/numeric/real-ipc-2023/block-grouping/domain.pddl,files/numeric/real-ipc-2023/block-grouping/instances/pfile16.pddl
PATTY-B-npc,numeric/real-ipc-2023/settlers-compiled,files/numeric/real-ipc-2023/settlers-compiled/domain.pddl,files/numeric/real-ipc-2023/settlers-compiled/instances/pfile14.pddl
PATTY-B-npc,numeric/real-ipc-2023/sailing,files/numeric/real-ipc-2023/sailing/domain.pddl,files/numeric/real-ipc-2023/sailing/instances/pfile13.pddl
PATTY-G-nei-chrpa,numeric/real-ipc-2023/expedition,files/numeric/real-ipc-2023/expedition/domain.pddl,files/numeric/real-ipc-2023/expedition/instances/pfile19.pddl
PATTY-B-npc-chrpa,numeric/real-ipc-2023/sailing,files/numeric/real-ipc-2023/sailing/domain.pddl,files/numeric/real-ipc-2023/sailing/instances/pfile12.pddl
PATTY-B-npc-chrpa,numeric/real-ipc-2023/settlers-compiled,files/numeric/real-ipc-2023/settlers-compiled/domain.pddl,files/numeric/real-ipc-2023/settlers-compiled/instances/pfile17.pddl
PATTY-G-nei,numeric/real-ipc-2023/settlers-compiled,files/numeric/real-ipc-2023/settlers-compiled/domain.pddl,files/numeric/real-ipc-2023/settlers-compiled/instances/pfile8.pddl
PATTY-G-nei,numeric/real-ipc-2023/expedition,files/numeric/real-ipc-2023/expedition/domain.pddl,files/numeric/real-ipc-2023/expedition/instances/pfile4.pddl
PATTY-B-npc,numeric/real-ipc-2023/delivery,files/numeric/real-ipc-2023/delivery/domain.pddl,files/numeric/real-ipc-2023/delivery/instances/pfile18.pddl
PATTY-B-npc,numeric/real-ipc-2023/delivery,files/numeric/real-ipc-2023/delivery/domain.pddl,files/numeric/real-ipc-2023/delivery/instances/pfile12.pddl
PATTY-G-nei-chrpa,numeric/real-ipc-2023/delivery,files/numeric/real-ipc-2023/delivery/domain.pddl,files/numeric/real-ipc-2023/delivery/instances/pfile13.pddl
PATTY-G-nei-chrpa,numeric/real-ipc-2023/ext-plant-watering,files/numeric/real-ipc-2023/ext-plant-watering/domain.pddl,files/numeric/real-ipc-2023/ext-plant-watering/instances/pfile7.pddl
PATTY-G-nei,numeric/real-ipc-2023/farmland,files/numeric/real-ipc-2023/farmland/domain.pddl,files/numeric/real-ipc-2023/farmland/instances/pfile6.pddl
PATTY-B-npc,numeric/real-ipc-2023/settlers-compiled,files/numeric/real-ipc-2023/settlers-compiled/domain.pddl,files/numeric/real-ipc-2023/settlers-compiled/instances/pfile3.pddl
PATTY-B-npc-chrpa,numeric/real-ipc-2023/tpp,files/numeric/real-ipc-2023/tpp/domain.pddl,files/numeric/real-ipc-2023/tpp/instances/pfile5.pddl
PATTY-G-nei,numeric/real-ipc-2023/sailing,files/numeric/real-ipc-2023/sailing/domain.pddl,files/numeric/real-ipc-2023/sailing/instances/pfile17.pddl
PATTY-B-npc-chrpa,numeric/real-ipc-2023/fo-sailing,files/numeric/real-ipc-2023/fo-sailing/domain.pddl,files/numeric/real-ipc-2023/fo-sailing/instances/pfile6.pddl
PATTY-G-nei-chrpa,numeric/real-ipc-2023/delivery,files/numeric/real-ipc-2023/delivery/domain.pddl,files/numeric/real-ipc-2023/delivery/instances/pfile20.pddl
PATTY-B-npc-chrpa,numeric/real-ipc-2023/sailing,files/numeric/real-ipc-2023/sailing/domain.pddl,files/numeric/real-ipc-2023/sailing/instances/pfile19.pddl
PATTY-B-npc,numeric/real-ipc-2023/fo-counters,files/numeric/real-ipc-2023/fo-counters/domain.pddl,files/numeric/real-ipc-2023/fo-counters/instances/pfile3.pddl
PATTY-G-nei,numeric/real-ipc-2023/ext-plant-watering,files/numeric/real-ipc-2023/ext-plant-watering/domain.pddl,files/numeric/real-ipc-2023/ext-plant-watering/instances/pfile1.pddl
PATTY-B-npc,numeric/real-ipc-2023/tpp,files/numeric/real-ipc-2023/tpp/domain.pddl,files/numeric/real-ipc-2023/tpp/instances/pfile2.pddl
PATTY-B-npc,numeric/real-ipc-2023/sugar,files/numeric/real-ipc-2023/sugar/domain.pddl,files/numeric/real-ipc-2023/sugar/instances/pfile5.pddl
PATTY-B-npc,numeric/real-ipc-2023/sailing,files/numeric/real-ipc-2023/sailing/domain.pddl,files/numeric/real-ipc-2023/sailing/instances/pfile19.pddl
PATTY-G-nei-chrpa,numeric/real-ipc-2023/rover,files/numeric/real-ipc-2023/rover/domain.pddl,files/numeric/real-ipc-2023/rover/instances/pfile14.pddl
PATTY-B-npc-chrpa,numeric/real-ipc-2023/tpp,files/numeric/real-ipc-2023/tpp/domain.pddl,files/numeric/real-ipc-2023/tpp/instances/pfile19.pddl
PATTY-G-nei,numeric/real-ipc-2023/block-grouping,files/numeric/real-ipc-2023/block-grouping/domain.pddl,files/numeric/real-ipc-2023/block-grouping/instances/pfile16.pddl
PATTY-B-npc-chrpa,numeric/line-exchange,files/numeric/line-exchange/domain.pddl,files/numeric/line-exchange/instances/4_15_50_10.pddl
PATTY-G-nei-chrpa,numeric/real-ipc-2023/drone,files/numeric/real-ipc-2023/drone/domain.pddl,files/numeric/real-ipc-2023/drone/instances/pfile1.pddl
PATTY-G-nei,numeric/real-ipc-2023/mprime,files/numeric/real-ipc-2023/mprime/domain.pddl,files/numeric/real-ipc-2023/mprime/instances/pfile11.pddl
PATTY-B-npc-chrpa,numeric/real-ipc-2023/settlersnumeric,files/numeric/real-ipc-2023/settlersnumeric/domain.pddl,files/numeric/real-ipc-2023/settlersnumeric/instances/pfile8.pddl
PATTY-B-npc,numeric/real-ipc-2023/sailing,files/numeric/real-ipc-2023/sailing/domain.pddl,files/numeric/real-ipc-2023/sailing/instances/pfile12.pddl
PATTY-G-nei,numeric/real-ipc-2023/farmland,files/numeric/real-ipc-2023/farmland/domain.pddl,files/numeric/real-ipc-2023/farmland/instances/pfile13.pddl
PATTY-G-nei,numeric/real-ipc-2023/fo-farmland,files/numeric/real-ipc-2023/fo-farmland/domain.pddl,files/numeric/real-ipc-2023/fo-farmland/instances/pfile11.pddl
PATTY-B-npc,numeric/real-ipc-2023/zenotravel,files/numeric/real-ipc-2023/zenotravel/domain.pddl,files/numeric/real-ipc-2023/zenotravel/instances/pfile11.pddl
PATTY-B-npc,numeric/real-ipc-2023/delivery,files/numeric/real-ipc-2023/delivery/domain.pddl,files/numeric/real-ipc-2023/delivery/instances/pfile10.pddl
PATTY-B-npc-chrpa,numeric/real-ipc-2023/zenotravel,files/numeric/real-ipc-2023/zenotravel/domain.pddl,files/numeric/real-ipc-2023/zenotravel/instances/pfile9.pddl
PATTY-B-npc-chrpa,numeric/real-ipc-2023/hydropower,files/numeric/real-ipc-2023/hydropower/domain.pddl,files/numeric/real-ipc-2023/hydropower/instances/pfile20.pddl
PATTY-B-npc-chrpa,numeric/real-ipc-2023/pathwaysmetric,files/numeric/real-ipc-2023/pathwaysmetric/domain.pddl,files/numeric/real-ipc-2023/pathwaysmetric/instances/pfile5.pddl
PATTY-G-nei,numeric/real-ipc-2023/markettrader,files/numeric/real-ipc-2023/markettrader/domain.pddl,files/numeric/real-ipc-2023/markettrader/instances/pfile18.pddl
PATTY-B-npc-chrpa,numeric/real-ipc-2023/settlersnumeric,files/numeric/real-ipc-2023/settlersnumeric/domain.pddl,files/numeric/real-ipc-2023/settlersnumeric/instances/pfile20.pddl
PATTY-B-npc,numeric/real-ipc-2023/hydropower,files/numeric/real-ipc-2023/hydropower/domain.pddl,files/numeric/real-ipc-2023/hydropower/instances/pfile14.pddl
PATTY-G-nei-chrpa,numeric/real-ipc-2023/block-grouping,files/numeric/real-ipc-2023/block-grouping/domain.pddl,files/numeric/real-ipc-2023/block-grouping/instances/pfile10.pddl
PATTY-G-nei,numeric/real-ipc-2023/tpp,files/numeric/real-ipc-2023/tpp/domain.pddl,files/numeric/real-ipc-2023/tpp/instances/pfile8.pddl
PATTY-B-npc,numeric/real-ipc-2023/counters,files/numeric/real-ipc-2023/counters/domain.pddl,files/numeric/real-ipc-2023/counters/instances/pfile14.pddl
PATTY-G-nei-chrpa,numeric/real-ipc-2023/expedition,files/numeric/real-ipc-2023/expedition/domain.pddl,files/numeric/real-ipc-2023/expedition/instances/pfile8.pddl
PATTY-B-npc-chrpa,numeric/real-ipc-2023/mprime,files/numeric/real-ipc-2023/mprime/domain.pddl,files/numeric/real-ipc-2023/mprime/instances/pfile16.pddl
PATTY-B-npc-chrpa,numeric/real-ipc-2023/fo-farmland,files/numeric/real-ipc-2023/fo-farmland/domain.pddl,files/numeric/real-ipc-2023/fo-farmland/instances/pfile11.pddl
PATTY-G-nei-chrpa,numeric/real-ipc-2023/mprime,files/numeric/real-ipc-2023/mprime/domain.pddl,files/numeric/real-ipc-2023/mprime/instances/pfile18.pddl
PATTY-B-npc-chrpa,numeric/real-ipc-2023/mprime,files/numeric/real-ipc-2023/mprime/domain.pddl,files/numeric/real-ipc-2023/mprime/instances/pfile13.pddl
PATTY-G-nei,numeric/real-ipc-2023/hydropower,files/numeric/real-ipc-2023/hydropower/domain.pddl,files/numeric/real-ipc-2023/hydropower/instances/pfile18.pddl
PATTY-G-nei,numeric/real-ipc-2023/hydropower,files/numeric/real-ipc-2023/hydropower/domain.pddl,files/numeric/real-ipc-2023/hydropower/instances/pfile14.pddl
PATTY-G-nei,numeric/real-ipc-2023/sailing,files/numeric/real-ipc-2023/sailing/domain.pddl,files/numeric/real-ipc-2023/sailing/instances/pfile18.pddl
PATTY-B-npc,numeric/real-ipc-2023/mprime,files/numeric/real-ipc-2023/mprime/domain.pddl,files/numeric/real-ipc-2023/mprime/instances/pfile15.pddl
PATTY-G-nei-chrpa,numeric/real-ipc-2023/settlers-compiled,files/numeric/real-ipc-2023/settlers-compiled/domain.pddl,files/numeric/real-ipc-2023/settlers-compiled/instances/pfile19.pddl
PATTY-B-npc-chrpa,numeric/real-ipc-2023/hydropower,files/numeric/real-ipc-2023/hydropower/domain.pddl,files/numeric/real-ipc-2023/hydropower/instances/pfile5.pddl
PATTY-B-npc-chrpa,numeric/real-ipc-2023/markettrader,files/numeric/real-ipc-2023/markettrader/domain.pddl,files/numeric/real-ipc-2023/markettrader/instances/pfile13.pddl
PATTY-B-npc,numeric/real-ipc-2023/settlersnumeric,files/numeric/real-ipc-2023/settlersnumeric/domain.pddl,files/numeric/real-ipc-2023/settlersnumeric/instances/pfile9.pddl
PATTY-B-npc-chrpa,numeric/real-ipc-2023/pathwaysmetric,files/numeric/real-ipc-2023/pathwaysmetric/domain.pddl,files/numeric/real-ipc-2023/pathwaysmetric/instances/pfile11.pddl
PATTY-G-nei,numeric/real-ipc-2023/settlers-compiled,files/numeric/real-ipc-2023/settlers-compiled/domain.pddl,files/numeric/real-ipc-2023/settlers-compiled/instances/pfile4.pddl
PATTY-B-npc-chrpa,numeric/real-ipc-2023/sugar,files/numeric/real-ipc-2023/sugar/domain.pddl,files/numeric/real-ipc-2023/sugar/instances/pfile18.pddl
PATTY-B-npc-chrpa,numeric/real-ipc-2023/settlersnumeric,files/numeric/real-ipc-2023/settlersnumeric/domain.pddl,files/numeric/real-ipc-2023/settlersnumeric/instances/pfile5.pddl
PATTY-G-nei-chrpa,numeric/real-ipc-2023/rover,files/numeric/real-ipc-2023/rover/domain.pddl,files/numeric/real-ipc-2023/rover/instances/pfile20.pddl
PATTY-B-npc-chrpa,numeric/real-ipc-2023/drone,files/numeric/real-ipc-2023/drone/domain.pddl,files/numeric/real-ipc-2023/drone/instances/pfile17.pddl
PATTY-B-npc,numeric/real-ipc-2023/markettrader,files/numeric/real-ipc-2023/markettrader/domain.pddl,files/numeric/real-ipc-2023/markettrader/instances/pfile16.pddl
PATTY-B-npc,numeric/real-ipc-2023/mprime,files/numeric/real-ipc-2023/mprime/domain.pddl,files/numeric/real-ipc-2023/mprime/instances/pfile4.pddl
PATTY-B-npc-chrpa,numeric/real-ipc-2023/sugar,files/numeric/real-ipc-2023/sugar/domain.pddl,files/numeric/real-ipc-2023/sugar/instances/pfile10.pddl
PATTY-G-nei,numeric/real-ipc-2023/hydropower,files/numeric/real-ipc-2023/hydropower/domain.pddl,files/numeric/real-ipc-2023/hydropower/instances/pfile9.pddl
PATTY-B-npc,numeric/real-ipc-2023/fo-counters,files/numeric/real-ipc-2023/fo-counters/domain.pddl,files/numeric/real-ipc-2023/fo-counters/instances/pfile17.pddl
PATTY-B-npc-chrpa,numeric/real-ipc-2023/tpp,files/numeric/real-ipc-2023/tpp/domain.pddl,files/numeric/real-ipc-2023/tpp/instances/pfile8.pddl
PATTY-G-nei,numeric/real-ipc-2023/sugar,files/numeric/real-ipc-2023/sugar/domain.pddl,files/numeric/real-ipc-2023/sugar/instances/pfile15.pddl
PATTY-G-nei-chrpa,numeric/real-ipc-2023/counters,files/numeric/real-ipc-2023/counters/domain.pddl,files/numeric/real-ipc-2023/counters/instances/pfile7.pddl
PATTY-B-npc-chrpa,numeric/real-ipc-2023/farmland,files/numeric/real-ipc-2023/farmland/domain.pddl,files/numeric/real-ipc-2023/farmland/instances/pfile6.pddl
PATTY-B-npc,numeric/real-ipc-2023/rover,files/numeric/real-ipc-2023/rover/domain.pddl,files/numeric/real-ipc-2023/rover/instances/pfile20.pddl
PATTY-G-nei-chrpa,numeric/real-ipc-2023/fo-farmland,files/numeric/real-ipc-2023/fo-farmland/domain.pddl,files/numeric/real-ipc-2023/fo-farmland/instances/pfile5.pddl
PATTY-B-npc,numeric/real-ipc-2023/settlers-compiled,files/numeric/real-ipc-2023/settlers-compiled/domain.pddl,files/numeric/real-ipc-2023/settlers-compiled/instances/pfile16.pddl
PATTY-B-npc-chrpa,numeric/real-ipc-2023/fo-counters,files/numeric/real-ipc-2023/fo-counters/domain.pddl,files/numeric/real-ipc-2023/fo-counters/instances/pfile18.pddl
PATTY-B-npc-chrpa,numeric/real-ipc-2023/fo-farmland,files/numeric/real-ipc-2023/fo-farmland/domain.pddl,files/numeric/real-ipc-2023/fo-farmland/instances/pfile20.pddl
PATTY-G-nei,numeric/real-ipc-2023/tpp,files/numeric/real-ipc-2023/tpp/domain.pddl,files/numeric/real-ipc-2023/tpp/instances/pfile6.pddl
PATTY-G-nei-chrpa,numeric/real-ipc-2023/sailing,files/numeric/real-ipc-2023/sailing/domain.pddl,files/numeric/real-ipc-2023/sailing/instances/pfile2.pddl
PATTY-G-nei-chrpa,numeric/real-ipc-2023/hydropower,files/numeric/real-ipc-2023/hydropower/domain.pddl,files/numeric/real-ipc-2023/hydropower/instances/pfile5.pddl
PATTY-B-npc,numeric/real-ipc-2023/farmland,files/numeric/real-ipc-2023/farmland/domain.pddl,files/numeric/real-ipc-2023/farmland/instances/pfile16.pddl
PATTY-G-nei-chrpa,numeric/real-ipc-2023/fo-farmland,files/numeric/real-ipc-2023/fo-farmland/domain.pddl,files/numeric/real-ipc-2023/fo-farmland/instances/pfile1.pddl
PATTY-B-npc,numeric/real-ipc-2023/farmland,files/numeric/real-ipc-2023/farmland/domain.pddl,files/numeric/real-ipc-2023/farmland/instances/pfile20.pddl
PATTY-B-npc,numeric/real-ipc-2023/farmland,files/numeric/real-ipc-2023/farmland/domain.pddl,files/numeric/real-ipc-2023/farmland/instances/pfile10.pddl
PATTY-G-nei,numeric/real-ipc-2023/settlersnumeric,files/numeric/real-ipc-2023/settlersnumeric/domain.pddl,files/numeric/real-ipc-2023/settlersnumeric/instances/pfile11.pddl
PATTY-G-nei-chrpa,numeric/real-ipc-2023/counters,files/numeric/real-ipc-2023/counters/domain.pddl,files/numeric/real-ipc-2023/counters/instances/pfile14.pddl
PATTY-G-nei-chrpa,numeric/real-ipc-2023/expedition,files/numeric/real-ipc-2023/expedition/domain.pddl,files/numeric/real-ipc-2023/expedition/instances/pfile1.pddl
PATTY-B-npc-chrpa,numeric/real-ipc-2023/fo-sailing,files/numeric/real-ipc-2023/fo-sailing/domain.pddl,files/numeric/real-ipc-2023/fo-sailing/instances/pfile2.pddl
PATTY-B-npc-chrpa,numeric/real-ipc-2023/fo-farmland,files/numeric/real-ipc-2023/fo-farmland/domain.pddl,files/numeric/real-ipc-2023/fo-farmland/instances/pfile10.pddl
PATTY-G-nei,numeric/real-ipc-2023/sugar,files/numeric/real-ipc-2023/sugar/domain.pddl,files/numeric/real-ipc-2023/sugar/instances/pfile16.pddl
PATTY-B-npc-chrpa,numeric/real-ipc-2023/ext-plant-watering,files/numeric/real-ipc-2023/ext-plant-watering/domain.pddl,files/numeric/real-ipc-2023/ext-plant-watering/instances/pfile15.pddl
PATTY-B-npc-chrpa,numeric/real-ipc-2023/sailing,files/numeric/real-ipc-2023/sailing/domain.pddl,files/numeric/real-ipc-2023/sailing/instances/pfile10.pddl
PATTY-B-npc-chrpa,numeric/real-ipc-2023/counters,files/numeric/real-ipc-2023/counters/domain.pddl,files/numeric/real-ipc-2023/counters/instances/pfile16.pddl
PATTY-B-npc,numeric/real-ipc-2023/markettrader,files/numeric/real-ipc-2023/markettrader/domain.pddl,files/numeric/real-ipc-2023/markettrader/instances/pfile7.pddl
PATTY-G-nei-chrpa,numeric/real-ipc-2023/fo-sailing,files/numeric/real-ipc-2023/fo-sailing/domain.pddl,files/numeric/real-ipc-2023/fo-sailing/instances/pfile8.pddl
PATTY-G-nei-chrpa,numeric/real-ipc-2023/farmland,files/numeric/real-ipc-2023/farmland/domain.pddl,files/numeric/real-ipc-2023/farmland/instances/pfile1.pddl
PATTY-B-npc-chrpa,numeric/real-ipc-2023/ext-plant-watering,files/numeric/real-ipc-2023/ext-plant-watering/domain.pddl,files/numeric/real-ipc-2023/ext-plant-watering/instances/pfile2.pddl
PATTY-B-npc,numeric/real-ipc-2023/fo-counters,files/numeric/real-ipc-2023/fo-counters/domain.pddl,files/numeric/real-ipc-2023/fo-counters/instances/pfile10.pddl
PATTY-G-nei-chrpa,numeric/real-ipc-2023/settlersnumeric,files/numeric/real-ipc-2023/settlersnumeric/domain.pddl,files/numeric/real-ipc-2023/settlersnumeric/instances/pfile8.pddl
PATTY-G-nei,numeric/real-ipc-2023/zenotravel,files/numeric/real-ipc-2023/zenotravel/domain.pddl,files/numeric/real-ipc-2023/zenotravel/instances/pfile16.pddl
PATTY-G-nei-chrpa,numeric/real-ipc-2023/fo-farmland,files/numeric/real-ipc-2023/fo-farmland/domain.pddl,files/numeric/real-ipc-2023/fo-farmland/instances/pfile10.pddl
PATTY-G-nei,numeric/real-ipc-2023/counters,files/numeric/real-ipc-2023/counters/domain.pddl,files/numeric/real-ipc-2023/counters/instances/pfile15.pddl
PATTY-B-npc-chrpa,numeric/real-ipc-2023/hydropower,files/numeric/real-ipc-2023/hydropower/domain.pddl,files/numeric/real-ipc-2023/hydropower/instances/pfile16.pddl
PATTY-B-npc-chrpa,numeric/real-ipc-2023/sugar,files/numeric/real-ipc-2023/sugar/domain.pddl,files/numeric/real-ipc-2023/sugar/instances/pfile3.pddl
PATTY-B-npc,numeric/real-ipc-2023/delivery,files/numeric/real-ipc-2023/delivery/domain.pddl,files/numeric/real-ipc-2023/delivery/instances/pfile2.pddl
PATTY-B-npc-chrpa,numeric/real-ipc-2023/block-grouping,files/numeric/real-ipc-2023/block-grouping/domain.pddl,files/numeric/real-ipc-2023/block-grouping/instances/pfile3.pddl
PATTY-G-nei-chrpa,numeric/real-ipc-2023/mprime,files/numeric/real-ipc-2023/mprime/domain.pddl,files/numeric/real-ipc-2023/mprime/instances/pfile2.pddl
PATTY-B-npc-chrpa,numeric/real-ipc-2023/sugar,files/numeric/real-ipc-2023/sugar/domain.pddl,files/numeric/real-ipc-2023/sugar/instances/pfile6.pddl
PATTY-G-nei,numeric/real-ipc-2023/hydropower,files/numeric/real-ipc-2023/hydropower/domain.pddl,files/numeric/real-ipc-2023/hydropower/instances/pfile1.pddl
PATTY-G-nei-chrpa,numeric/real-ipc-2023/settlersnumeric,files/numeric/real-ipc-2023/settlersnumeric/domain.pddl,files/numeric/real-ipc-2023/settlersnumeric/instances/pfile19.pddl
PATTY-G-nei-chrpa,numeric/real-ipc-2023/zenotravel,files/numeric/real-ipc-2023/zenotravel/domain.pddl,files/numeric/real-ipc-2023/zenotravel/instances/pfile1.pddl
PATTY-B-npc-chrpa,numeric/real-ipc-2023/fo-sailing,files/numeric/real-ipc-2023/fo-sailing/domain.pddl,files/numeric/real-ipc-2023/fo-sailing/instances/pfile3.pddl
PATTY-B-npc-chrpa,numeric/real-ipc-2023/block-grouping,files/numeric/real-ipc-2023/block-grouping/domain.pddl,files/numeric/real-ipc-2023/block-grouping/instances/pfile2.pddl
PATTY-B-npc-chrpa,numeric/real-ipc-2023/sailing,files/numeric/real-ipc-2023/sailing/domain.pddl,files/numeric/real-ipc-2023/sailing/instances/pfile16.pddl
PATTY-G-nei-chrpa,numeric/real-ipc-2023/rover,files/numeric/real-ipc-2023/rover/domain.pddl,files/numeric/real-ipc-2023/rover/instances/pfile1.pddl
PATTY-G-nei,numeric/line-exchange,files/numeric/line-exchange/domain.pddl,files/numeric/line-exchange/instances/3_5_50_50.pddl
PATTY-G-nei-chrpa,numeric/real-ipc-2023/fo-counters,files/numeric/real-ipc-2023/fo-counters/domain.pddl,files/numeric/real-ipc-2023/fo-counters/instances/pfile1.pddl
PATTY-B-npc-chrpa,numeric/real-ipc-2023/rover,files/numeric/real-ipc-2023/rover/domain.pddl,files/numeric/real-ipc-2023/rover/instances/pfile11.pddl
PATTY-G-nei-chrpa,numeric/real-ipc-2023/sugar,files/numeric/real-ipc-2023/sugar/domain.pddl,files/numeric/real-ipc-2023/sugar/instances/pfile19.pddl
PATTY-B-npc,numeric/real-ipc-2023/hydropower,files/numeric/real-ipc-2023/hydropower/domain.pddl,files/numeric/real-ipc-2023/hydropower/instances/pfile4.pddl
PATTY-G-nei,numeric/real-ipc-2023/farmland,files/numeric/real-ipc-2023/farmland/domain.pddl,files/numeric/real-ipc-2023/farmland/instances/pfile1.pddl
PATTY-G-nei-chrpa,numeric/real-ipc-2023/expedition,files/numeric/real-ipc-2023/expedition/domain.pddl,files/numeric/real-ipc-2023/expedition/instances/pfile14.pddl
PATTY-B-npc,numeric/real-ipc-2023/sugar,files/numeric/real-ipc-2023/sugar/domain.pddl,files/numeric/real-ipc-2023/sugar/instances/pfile15.pddl
PATTY-G-nei-chrpa,numeric/real-ipc-2023/mprime,files/numeric/real-ipc-2023/mprime/domain.pddl,files/numeric/real-ipc-2023/mprime/instances/pfile20.pddl
PATTY-G-nei-chrpa,numeric/real-ipc-2023/settlersnumeric,files/numeric/real-ipc-2023/settlersnumeric/domain.pddl,files/numeric/real-ipc-2023/settlersnumeric/instances/pfile7.pddl
PATTY-G-nei,numeric/real-ipc-2023/fo-sailing,files/numeric/real-ipc-2023/fo-sailing/domain.pddl,files/numeric/real-ipc-2023/fo-sailing/instances/pfile20.pddl
PATTY-G-nei,numeric/real-ipc-2023/tpp,files/numeric/real-ipc-2023/tpp/domain.pddl,files/numeric/real-ipc-2023/tpp/instances/pfile3.pddl
PATTY-G-nei-chrpa,numeric/real-ipc-2023/settlers-compiled,files/numeric/real-ipc-2023/settlers-compiled/domain.pddl,files/numeric/real-ipc-2023/settlers-compiled/instances/pfile3.pddl
PATTY-G-nei,numeric/real-ipc-2023/ext-plant-watering,files/numeric/real-ipc-2023/ext-plant-watering/domain.pddl,files/numeric/real-ipc-2023/ext-plant-watering/instances/pfile5.pddl
PATTY-B-npc-chrpa,numeric/real-ipc-2023/pathwaysmetric,files/numeric/real-ipc-2023/pathwaysmetric/domain.pddl,files/numeric/real-ipc-2023/pathwaysmetric/instances/pfile18.pddl
PATTY-G-nei-chrpa,numeric/real-ipc-2023/ext-plant-watering,files/numeric/real-ipc-2023/ext-plant-watering/domain.pddl,files/numeric/real-ipc-2023/ext-plant-watering/instances/pfile9.pddl
PATTY-G-nei-chrpa,numeric/real-ipc-2023/hydropower,files/numeric/real-ipc-2023/hydropower/domain.pddl,files/numeric/real-ipc-2023/hydropower/instances/pfile12.pddl
PATTY-B-npc,numeric/real-ipc-2023/mprime,files/numeric/real-ipc-2023/mprime/domain.pddl,files/numeric/real-ipc-2023/mprime/instances/pfile17.pddl
PATTY-G-nei-chrpa,numeric/real-ipc-2023/sailing,files/numeric/real-ipc-2023/sailing/domain.pddl,files/numeric/real-ipc-2023/sailing/instances/pfile9.pddl
PATTY-G-nei-chrpa,numeric/real-ipc-2023/rover,files/numeric/real-ipc-2023/rover/domain.pddl,files/numeric/real-ipc-2023/rover/instances/pfile6.pddl
PATTY-B-npc-chrpa,numeric/real-ipc-2023/mprime,files/numeric/real-ipc-2023/mprime/domain.pddl,files/numeric/real-ipc-2023/mprime/instances/pfile8.pddl
PATTY-B-npc-chrpa,numeric/real-ipc-2023/expedition,files/numeric/real-ipc-2023/expedition/domain.pddl,files/numeric/real-ipc-2023/expedition/instances/pfile14.pddl
PATTY-B-npc,numeric/real-ipc-2023/rover,files/numeric/real-ipc-2023/rover/domain.pddl,files/numeric/real-ipc-2023/rover/instances/pfile3.pddl
PATTY-G-nei,numeric/line-exchange,files/numeric/line-exchange/domain.pddl,files/numeric/line-exchange/instances/3_15_90_10.pddl
PATTY-G-nei-chrpa,numeric/real-ipc-2023/zenotravel,files/numeric/real-ipc-2023/zenotravel/domain.pddl,files/numeric/real-ipc-2023/zenotravel/instances/pfile2.pddl
PATTY-G-nei-chrpa,numeric/real-ipc-2023/delivery,files/numeric/real-ipc-2023/delivery/domain.pddl,files/numeric/real-ipc-2023/delivery/instances/pfile19.pddl
PATTY-B-npc-chrpa,numeric/real-ipc-2023/zenotravel,files/numeric/real-ipc-2023/zenotravel/domain.pddl,files/numeric/real-ipc-2023/zenotravel/instances/pfile14.pddl
PATTY-B-npc-chrpa,numeric/real-ipc-2023/drone,files/numeric/real-ipc-2023/drone/domain.pddl,files/numeric/real-ipc-2023/drone/instances/pfile20.pddl
PATTY-G-nei,numeric/real-ipc-2023/settlersnumeric,files/numeric/real-ipc-2023/settlersnumeric/domain.pddl,files/numeric/real-ipc-2023/settlersnumeric/instances/pfile17.pddl
PATTY-G-nei-chrpa,numeric/real-ipc-2023/farmland,files/numeric/real-ipc-2023/farmland/domain.pddl,files/numeric/real-ipc-2023/farmland/instances/pfile19.pddl
PATTY-G-nei-chrpa,numeric/real-ipc-2023/farmland,files/numeric/real-ipc-2023/farmland/domain.pddl,files/numeric/real-ipc-2023/farmland/instances/pfile6.pddl
PATTY-B-npc,numeric/real-ipc-2023/sugar,files/numeric/real-ipc-2023/sugar/domain.pddl,files/numeric/real-ipc-2023/sugar/instances/pfile12.pddl
PATTY-B-npc-chrpa,numeric/real-ipc-2023/fo-sailing,files/numeric/real-ipc-2023/fo-sailing/domain.pddl,files/numeric/real-ipc-2023/fo-sailing/instances/pfile11.pddl
PATTY-B-npc,numeric/real-ipc-2023/drone,files/numeric/real-ipc-2023/drone/domain.pddl,files/numeric/real-ipc-2023/drone/instances/pfile15.pddl
PATTY-G-nei,numeric/real-ipc-2023/sailing,files/numeric/real-ipc-2023/sailing/domain.pddl,files/numeric/real-ipc-2023/sailing/instances/pfile11.pddl
PATTY-B-npc,numeric/real-ipc-2023/markettrader,files/numeric/real-ipc-2023/markettrader/domain.pddl,files/numeric/real-ipc-2023/markettrader/instances/pfile18.pddl
PATTY-G-nei,numeric/line-exchange,files/numeric/line-exchange/domain.pddl,files/numeric/line-exchange/instances/5_15_25_10.pddl
PATTY-G-nei,numeric/real-ipc-2023/settlersnumeric,files/numeric/real-ipc-2023/settlersnumeric/domain.pddl,files/numeric/real-ipc-2023/settlersnumeric/instances/pfile20.pddl
PATTY-G-nei-chrpa,numeric/line-exchange,files/numeric/line-exchange/domain.pddl,files/numeric/line-exchange/instances/5_5_90_10.pddl
PATTY-G-nei-chrpa,numeric/real-ipc-2023/pathwaysmetric,files/numeric/real-ipc-2023/pathwaysmetric/domain.pddl,files/numeric/real-ipc-2023/pathwaysmetric/instances/pfile10.pddl
PATTY-G-nei,numeric/real-ipc-2023/delivery,files/numeric/real-ipc-2023/delivery/domain.pddl,files/numeric/real-ipc-2023/delivery/instances/pfile15.pddl
PATTY-B-npc,numeric/real-ipc-2023/farmland,files/numeric/real-ipc-2023/farmland/domain.pddl,files/numeric/real-ipc-2023/farmland/instances/pfile18.pddl
PATTY-B-npc-chrpa,numeric/real-ipc-2023/sailing,files/numeric/real-ipc-2023/sailing/domain.pddl,files/numeric/real-ipc-2023/sailing/instances/pfile20.pddl
PATTY-G-nei,numeric/real-ipc-2023/pathwaysmetric,files/numeric/real-ipc-2023/pathwaysmetric/domain.pddl,files/numeric/real-ipc-2023/pathwaysmetric/instances/pfile18.pddl
PATTY-B-npc-chrpa,numeric/real-ipc-2023/expedition,files/numeric/real-ipc-2023/expedition/domain.pddl,files/numeric/real-ipc-2023/expedition/instances/pfile10.pddl
PATTY-G-nei,numeric/real-ipc-2023/mprime,files/numeric/real-ipc-2023/mprime/domain.pddl,files/numeric/real-ipc-2023/mprime/instances/pfile7.pddl
PATTY-G-nei,numeric/real-ipc-2023/pathwaysmetric,files/numeric/real-ipc-2023/pathwaysmetric/domain.pddl,files/numeric/real-ipc-2023/pathwaysmetric/instances/pfile7.pddl
PATTY-G-nei-chrpa,numeric/real-ipc-2023/drone,files/numeric/real-ipc-2023/drone/domain.pddl,files/numeric/real-ipc-2023/drone/instances/pfile14.pddl
PATTY-B-npc-chrpa,numeric/real-ipc-2023/ext-plant-watering,files/numeric/real-ipc-2023/ext-plant-watering/domain.pddl,files/numeric/real-ipc-2023/ext-plant-watering/instances/pfile5.pddl
PATTY-G-nei,numeric/real-ipc-2023/fo-farmland,files/numeric/real-ipc-2023/fo-farmland/domain.pddl,files/numeric/real-ipc-2023/fo-farmland/instances/pfile8.pddl
PATTY-B-npc-chrpa,numeric/real-ipc-2023/rover,files/numeric/real-ipc-2023/rover/domain.pddl,files/numeric/real-ipc-2023/rover/instances/pfile16.pddl
PATTY-G-nei-chrpa,numeric/real-ipc-2023/sailing,files/numeric/real-ipc-2023/sailing/domain.pddl,files/numeric/real-ipc-2023/sailing/instances/pfile7.pddl
PATTY-G-nei-chrpa,numeric/real-ipc-2023/pathwaysmetric,files/numeric/real-ipc-2023/pathwaysmetric/domain.pddl,files/numeric/real-ipc-2023/pathwaysmetric/instances/pfile18.pddl
PATTY-B-npc-chrpa,numeric/real-ipc-2023/settlersnumeric,files/numeric/real-ipc-2023/settlersnumeric/domain.pddl,files/numeric/real-ipc-2023/settlersnumeric/instances/pfile18.pddl
PATTY-G-nei,numeric/real-ipc-2023/delivery,files/numeric/real-ipc-2023/delivery/domain.pddl,files/numeric/real-ipc-2023/delivery/instances/pfile3.pddl
PATTY-B-npc-chrpa,numeric/real-ipc-2023/block-grouping,files/numeric/real-ipc-2023/block-grouping/domain.pddl,files/numeric/real-ipc-2023/block-grouping/instances/pfile9.pddl
PATTY-G-nei-chrpa,numeric/real-ipc-2023/markettrader,files/numeric/real-ipc-2023/markettrader/domain.pddl,files/numeric/real-ipc-2023/markettrader/instances/pfile10.pddl
PATTY-G-nei-chrpa,numeric/line-exchange,files/numeric/line-exchange/domain.pddl,files/numeric/line-exchange/instances/3_5_50_50.pddl
PATTY-B-npc,numeric/real-ipc-2023/fo-farmland,files/numeric/real-ipc-2023/fo-farmland/domain.pddl,files/numeric/real-ipc-2023/fo-farmland/instances/pfile18.pddl
PATTY-G-nei,numeric/real-ipc-2023/mprime,files/numeric/real-ipc-2023/mprime/domain.pddl,files/numeric/real-ipc-2023/mprime/instances/pfile19.pddl
PATTY-B-npc,numeric/real-ipc-2023/ext-plant-watering,files/numeric/real-ipc-2023/ext-plant-watering/domain.pddl,files/numeric/real-ipc-2023/ext-plant-watering/instances/pfile13.pddl
PATTY-B-npc-chrpa,numeric/real-ipc-2023/fo-counters,files/numeric/real-ipc-2023/fo-counters/domain.pddl,files/numeric/real-ipc-2023/fo-counters/instances/pfile14.pddl
PATTY-G-nei-chrpa,numeric/line-exchange,files/numeric/line-exchange/domain.pddl,files/numeric/line-exchange/instances/5_15_90_100.pddl
PATTY-G-nei,numeric/real-ipc-2023/drone,files/numeric/real-ipc-2023/drone/domain.pddl,files/numeric/real-ipc-2023/drone/instances/pfile17.pddl
PATTY-B-npc,numeric/real-ipc-2023/settlersnumeric,files/numeric/real-ipc-2023/settlersnumeric/domain.pddl,files/numeric/real-ipc-2023/settlersnumeric/instances/pfile14.pddl
PATTY-G-nei,numeric/real-ipc-2023/delivery,files/numeric/real-ipc-2023/delivery/domain.pddl,files/numeric/real-ipc-2023/delivery/instances/pfile17.pddl
PATTY-B-npc,numeric/real-ipc-2023/fo-sailing,files/numeric/real-ipc-2023/fo-sailing/domain.pddl,files/numeric/real-ipc-2023/fo-sailing/instances/pfile7.pddl
PATTY-B-npc-chrpa,numeric/real-ipc-2023/tpp,files/numeric/real-ipc-2023/tpp/domain.pddl,files/numeric/real-ipc-2023/tpp/instances/pfile10.pddl
PATTY-G-nei,numeric/real-ipc-2023/fo-counters,files/numeric/real-ipc-2023/fo-counters/domain.pddl,files/numeric/real-ipc-2023/fo-counters/instances/pfile12.pddl
PATTY-B-npc-chrpa,numeric/real-ipc-2023/zenotravel,files/numeric/real-ipc-2023/zenotravel/domain.pddl,files/numeric/real-ipc-2023/zenotravel/instances/pfile20.pddl
PATTY-B-npc,numeric/real-ipc-2023/settlersnumeric,files/numeric/real-ipc-2023/settlersnumeric/domain.pddl,files/numeric/real-ipc-2023/settlersnumeric/instances/pfile11.pddl
PATTY-G-nei,numeric/real-ipc-2023/fo-sailing,files/numeric/real-ipc-2023/fo-sailing/domain.pddl,files/numeric/real-ipc-2023/fo-sailing/instances/pfile7.pddl
PATTY-B-npc-chrpa,numeric/real-ipc-2023/settlers-compiled,files/numeric/real-ipc-2023/settlers-compiled/domain.pddl,files/numeric/real-ipc-2023/settlers-compiled/instances/pfile11.pddl
PATTY-G-nei,numeric/real-ipc-2023/fo-farmland,files/numeric/real-ipc-2023/fo-farmland/domain.pddl,files/numeric/real-ipc-2023/fo-farmland/instances/pfile12.pddl
PATTY-G-nei-chrpa,numeric/real-ipc-2023/rover,files/numeric/real-ipc-2023/rover/domain.pddl,files/numeric/real-ipc-2023/rover/instances/pfile7.pddl
PATTY-B-npc,numeric/real-ipc-2023/ext-plant-watering,files/numeric/real-ipc-2023/ext-plant-watering/domain.pddl,files/numeric/real-ipc-2023/ext-plant-watering/instances/pfile3.pddl
PATTY-B-npc,numeric/real-ipc-2023/farmland,files/numeric/real-ipc-2023/farmland/domain.pddl,files/numeric/real-ipc-2023/farmland/instances/pfile6.pddl
PATTY-G-nei-chrpa,numeric/real-ipc-2023/zenotravel,files/numeric/real-ipc-2023/zenotravel/domain.pddl,files/numeric/real-ipc-2023/zenotravel/instances/pfile10.pddl
PATTY-B-npc,numeric/real-ipc-2023/expedition,files/numeric/real-ipc-2023/expedition/domain.pddl,files/numeric/real-ipc-2023/expedition/instances/pfile20.pddl
PATTY-G-nei-chrpa,numeric/real-ipc-2023/expedition,files/numeric/real-ipc-2023/expedition/domain.pddl,files/numeric/real-ipc-2023/expedition/instances/pfile15.pddl
PATTY-B-npc-chrpa,numeric/real-ipc-2023/expedition,files/numeric/real-ipc-2023/expedition/domain.pddl,files/numeric/real-ipc-2023/expedition/instances/pfile12.pddl
PATTY-G-nei,numeric/real-ipc-2023/rover,files/numeric/real-ipc-2023/rover/domain.pddl,files/numeric/real-ipc-2023/rover/instances/pfile7.pddl
PATTY-G-nei-chrpa,numeric/real-ipc-2023/tpp,files/numeric/real-ipc-2023/tpp/domain.pddl,files/numeric/real-ipc-2023/tpp/instances/pfile9.pddl
PATTY-G-nei,numeric/real-ipc-2023/hydropower,files/numeric/real-ipc-2023/hydropower/domain.pddl,files/numeric/real-ipc-2023/hydropower/instances/pfile12.pddl
PATTY-B-npc-chrpa,numeric/real-ipc-2023/farmland,files/numeric/real-ipc-2023/farmland/domain.pddl,files/numeric/real-ipc-2023/farmland/instances/pfile12.pddl
PATTY-G-nei-chrpa,numeric/real-ipc-2023/zenotravel,files/numeric/real-ipc-2023/zenotravel/domain.pddl,files/numeric/real-ipc-2023/zenotravel/instances/pfile14.pddl
PATTY-G-nei,numeric/real-ipc-2023/mprime,files/numeric/real-ipc-2023/mprime/domain.pddl,files/numeric/real-ipc-2023/mprime/instances/pfile16.pddl
PATTY-B-npc,numeric/real-ipc-2023/sugar,files/numeric/real-ipc-2023/sugar/domain.pddl,files/numeric/real-ipc-2023/sugar/instances/pfile19.pddl
PATTY-G-nei,numeric/real-ipc-2023/block-grouping,files/numeric/real-ipc-2023/block-grouping/domain.pddl,files/numeric/real-ipc-2023/block-grouping/instances/pfile6.pddl
PATTY-B-npc-chrpa,numeric/real-ipc-2023/markettrader,files/numeric/real-ipc-2023/markettrader/domain.pddl,files/numeric/real-ipc-2023/markettrader/instances/pfile11.pddl
PATTY-B-npc-chrpa,numeric/real-ipc-2023/fo-sailing,files/numeric/real-ipc-2023/fo-sailing/domain.pddl,files/numeric/real-ipc-2023/fo-sailing/instances/pfile8.pddl
PATTY-G-nei-chrpa,numeric/real-ipc-2023/farmland,files/numeric/real-ipc-2023/farmland/domain.pddl,files/numeric/real-ipc-2023/farmland/instances/pfile20.pddl
PATTY-G-nei-chrpa,numeric/real-ipc-2023/mprime,files/numeric/real-ipc-2023/mprime/domain.pddl,files/numeric/real-ipc-2023/mprime/instances/pfile5.pddl
PATTY-B-npc-chrpa,numeric/real-ipc-2023/zenotravel,files/numeric/real-ipc-2023/zenotravel/domain.pddl,files/numeric/real-ipc-2023/zenotravel/instances/pfile10.pddl
PATTY-G-nei-chrpa,numeric/real-ipc-2023/fo-farmland,files/numeric/real-ipc-2023/fo-farmland/domain.pddl,files/numeric/real-ipc-2023/fo-farmland/instances/pfile2.pddl
PATTY-G-nei,numeric/real-ipc-2023/hydropower,files/numeric/real-ipc-2023/hydropower/domain.pddl,files/numeric/real-ipc-2023/hydropower/instances/pfile16.pddl
PATTY-B-npc,numeric/real-ipc-2023/zenotravel,files/numeric/real-ipc-2023/zenotravel/domain.pddl,files/numeric/real-ipc-2023/zenotravel/instances/pfile12.pddl
PATTY-B-npc-chrpa,numeric/real-ipc-2023/sailing,files/numeric/real-ipc-2023/sailing/domain.pddl,files/numeric/real-ipc-2023/sailing/instances/pfile17.pddl
PATTY-G-nei-chrpa,numeric/line-exchange,files/numeric/line-exchange/domain.pddl,files/numeric/line-exchange/instances/4_5_50_100.pddl
PATTY-G-nei,numeric/real-ipc-2023/block-grouping,files/numeric/real-ipc-2023/block-grouping/domain.pddl,files/numeric/real-ipc-2023/block-grouping/instances/pfile13.pddl
PATTY-B-npc-chrpa,numeric/real-ipc-2023/counters,files/numeric/real-ipc-2023/counters/domain.pddl,files/numeric/real-ipc-2023/counters/instances/pfile19.pddl
PATTY-B-npc,numeric/real-ipc-2023/sugar,files/numeric/real-ipc-2023/sugar/domain.pddl,files/numeric/real-ipc-2023/sugar/instances/pfile8.pddl
PATTY-G-nei,numeric/real-ipc-2023/pathwaysmetric,files/numeric/real-ipc-2023/pathwaysmetric/domain.pddl,files/numeric/real-ipc-2023/pathwaysmetric/instances/pfile1.pddl
PATTY-G-nei,numeric/real-ipc-2023/tpp,files/numeric/real-ipc-2023/tpp/domain.pddl,files/numeric/real-ipc-2023/tpp/instances/pfile1.pddl
PATTY-G-nei-chrpa,numeric/real-ipc-2023/drone,files/numeric/real-ipc-2023/drone/domain.pddl,files/numeric/real-ipc-2023/drone/instances/pfile5.pddl
PATTY-B-npc-chrpa,numeric/real-ipc-2023/ext-plant-watering,files/numeric/real-ipc-2023/ext-plant-watering/domain.pddl,files/numeric/real-ipc-2023/ext-plant-watering/instances/pfile4.pddl
PATTY-B-npc-chrpa,numeric/real-ipc-2023/settlersnumeric,files/numeric/real-ipc-2023/settlersnumeric/domain.pddl,files/numeric/real-ipc-2023/settlersnumeric/instances/pfile16.pddl
PATTY-B-npc-chrpa,numeric/real-ipc-2023/fo-counters,files/numeric/real-ipc-2023/fo-counters/domain.pddl,files/numeric/real-ipc-2023/fo-counters/instances/pfile13.pddl
PATTY-G-nei-chrpa,numeric/real-ipc-2023/mprime,files/numeric/real-ipc-2023/mprime/domain.pddl,files/numeric/real-ipc-2023/mprime/instances/pfile11.pddl
PATTY-B-npc,numeric/line-exchange,files/numeric/line-exchange/domain.pddl,files/numeric/line-exchange/instances/5_15_25_10.pddl
PATTY-B-npc-chrpa,numeric/real-ipc-2023/fo-counters,files/numeric/real-ipc-2023/fo-counters/domain.pddl,files/numeric/real-ipc-2023/fo-counters/instances/pfile5.pddl
PATTY-B-npc-chrpa,numeric/real-ipc-2023/drone,files/numeric/real-ipc-2023/drone/domain.pddl,files/numeric/real-ipc-2023/drone/instances/pfile13.pddl
PATTY-B-npc,numeric/real-ipc-2023/fo-sailing,files/numeric/real-ipc-2023/fo-sailing/domain.pddl,files/numeric/real-ipc-2023/fo-sailing/instances/pfile20.pddl
PATTY-G-nei,numeric/real-ipc-2023/fo-farmland,files/numeric/real-ipc-2023/fo-farmland/domain.pddl,files/numeric/real-ipc-2023/fo-farmland/instances/pfile5.pddl
PATTY-G-nei,numeric/real-ipc-2023/farmland,files/numeric/real-ipc-2023/farmland/domain.pddl,files/numeric/real-ipc-2023/farmland/instances/pfile5.pddl
PATTY-B-npc-chrpa,numeric/real-ipc-2023/expedition,files/numeric/real-ipc-2023/expedition/domain.pddl,files/numeric/real-ipc-2023/expedition/instances/pfile11.pddl
PATTY-G-nei,numeric/real-ipc-2023/sugar,files/numeric/real-ipc-2023/sugar/domain.pddl,files/numeric/real-ipc-2023/sugar/instances/pfile11.pddl
PATTY-B-npc-chrpa,numeric/real-ipc-2023/delivery,files/numeric/real-ipc-2023/delivery/domain.pddl,files/numeric/real-ipc-2023/delivery/instances/pfile16.pddl
PATTY-G-nei-chrpa,numeric/real-ipc-2023/fo-sailing,files/numeric/real-ipc-2023/fo-sailing/domain.pddl,files/numeric/real-ipc-2023/fo-sailing/instances/pfile10.pddl
PATTY-G-nei-chrpa,numeric/real-ipc-2023/settlersnumeric,files/numeric/real-ipc-2023/settlersnumeric/domain.pddl,files/numeric/real-ipc-2023/settlersnumeric/instances/pfile13.pddl
PATTY-B-npc-chrpa,numeric/real-ipc-2023/fo-farmland,files/numeric/real-ipc-2023/fo-farmland/domain.pddl,files/numeric/real-ipc-2023/fo-farmland/instances/pfile5.pddl
PATTY-B-npc-chrpa,numeric/real-ipc-2023/tpp,files/numeric/real-ipc-2023/tpp/domain.pddl,files/numeric/real-ipc-2023/tpp/instances/pfile17.pddl
PATTY-B-npc-chrpa,numeric/real-ipc-2023/settlers-compiled,files/numeric/real-ipc-2023/settlers-compiled/domain.pddl,files/numeric/real-ipc-2023/settlers-compiled/instances/pfile6.pddl
PATTY-G-nei,numeric/real-ipc-2023/settlers-compiled,files/numeric/real-ipc-2023/settlers-compiled/domain.pddl,files/numeric/real-ipc-2023/settlers-compiled/instances/pfile6.pddl
PATTY-G-nei-chrpa,numeric/real-ipc-2023/markettrader,files/numeric/real-ipc-2023/markettrader/domain.pddl,files/numeric/real-ipc-2023/markettrader/instances/pfile4.pddl
PATTY-B-npc-chrpa,numeric/real-ipc-2023/ext-plant-watering,files/numeric/real-ipc-2023/ext-plant-watering/domain.pddl,files/numeric/real-ipc-2023/ext-plant-watering/instances/pfile14.pddl
PATTY-G-nei,numeric/line-exchange,files/numeric/line-exchange/domain.pddl,files/numeric/line-exchange/instances/5_10_25_50.pddl
PATTY-B-npc-chrpa,numeric/real-ipc-2023/pathwaysmetric,files/numeric/real-ipc-2023/pathwaysmetric/domain.pddl,files/numeric/real-ipc-2023/pathwaysmetric/instances/pfile9.pddl
PATTY-B-npc,numeric/real-ipc-2023/sugar,files/numeric/real-ipc-2023/sugar/domain.pddl,files/numeric/real-ipc-2023/sugar/instances/pfile4.pddl
PATTY-B-npc,numeric/real-ipc-2023/fo-sailing,files/numeric/real-ipc-2023/fo-sailing/domain.pddl,files/numeric/real-ipc-2023/fo-sailing/instances/pfile2.pddl
PATTY-G-nei,numeric/real-ipc-2023/expedition,files/numeric/real-ipc-2023/expedition/domain.pddl,files/numeric/real-ipc-2023/expedition/instances/pfile13.pddl
PATTY-G-nei,numeric/real-ipc-2023/drone,files/numeric/real-ipc-2023/drone/domain.pddl,files/numeric/real-ipc-2023/drone/instances/pfile12.pddl
PATTY-G-nei,numeric/real-ipc-2023/ext-plant-watering,files/numeric/real-ipc-2023/ext-plant-watering/domain.pddl,files/numeric/real-ipc-2023/ext-plant-watering/instances/pfile4.pddl
PATTY-G-nei,numeric/line-exchange,files/numeric/line-exchange/domain.pddl,files/numeric/line-exchange/instances/4_10_50_50.pddl
PATTY-G-nei-chrpa,numeric/real-ipc-2023/hydropower,files/numeric/real-ipc-2023/hydropower/domain.pddl,files/numeric/real-ipc-2023/hydropower/instances/pfile8.pddl
PATTY-B-npc,numeric/real-ipc-2023/rover,files/numeric/real-ipc-2023/rover/domain.pddl,files/numeric/real-ipc-2023/rover/instances/pfile7.pddl
PATTY-B-npc-chrpa,numeric/real-ipc-2023/pathwaysmetric,files/numeric/real-ipc-2023/pathwaysmetric/domain.pddl,files/numeric/real-ipc-2023/pathwaysmetric/instances/pfile14.pddl
PATTY-G-nei,numeric/real-ipc-2023/counters,files/numeric/real-ipc-2023/counters/domain.pddl,files/numeric/real-ipc-2023/counters/instances/pfile16.pddl
PATTY-G-nei,numeric/real-ipc-2023/fo-counters,files/numeric/real-ipc-2023/fo-counters/domain.pddl,files/numeric/real-ipc-2023/fo-counters/instances/pfile3.pddl
PATTY-G-nei,numeric/real-ipc-2023/ext-plant-watering,files/numeric/real-ipc-2023/ext-plant-watering/domain.pddl,files/numeric/real-ipc-2023/ext-plant-watering/instances/pfile6.pddl
PATTY-B-npc-chrpa,numeric/real-ipc-2023/expedition,files/numeric/real-ipc-2023/expedition/domain.pddl,files/numeric/real-ipc-2023/expedition/instances/pfile17.pddl
PATTY-G-nei,numeric/real-ipc-2023/fo-farmland,files/numeric/real-ipc-2023/fo-farmland/domain.pddl,files/numeric/real-ipc-2023/fo-farmland/instances/pfile18.pddl
PATTY-B-npc-chrpa,numeric/real-ipc-2023/mprime,files/numeric/real-ipc-2023/mprime/domain.pddl,files/numeric/real-ipc-2023/mprime/instances/pfile7.pddl
PATTY-G-nei-chrpa,numeric/real-ipc-2023/settlersnumeric,files/numeric/real-ipc-2023/settlersnumeric/domain.pddl,files/numeric/real-ipc-2023/settlersnumeric/instances/pfile5.pddl
PATTY-B-npc-chrpa,numeric/real-ipc-2023/block-grouping,files/numeric/real-ipc-2023/block-grouping/domain.pddl,files/numeric/real-ipc-2023/block-grouping/instances/pfile8.pddl
PATTY-B-npc,numeric/real-ipc-2023/hydropower,files/numeric/real-ipc-2023/hydropower/domain.pddl,files/numeric/real-ipc-2023/hydropower/instances/pfile13.pddl
PATTY-G-nei,numeric/real-ipc-2023/settlers-compiled,files/numeric/real-ipc-2023/settlers-compiled/domain.pddl,files/numeric/real-ipc-2023/settlers-compiled/instances/pfile9.pddl
PATTY-B-npc,numeric/real-ipc-2023/markettrader,files/numeric/real-ipc-2023/markettrader/domain.pddl,files/numeric/real-ipc-2023/markettrader/instances/pfile19.pddl
PATTY-G-nei,numeric/real-ipc-2023/fo-farmland,files/numeric/real-ipc-2023/fo-farmland/domain.pddl,files/numeric/real-ipc-2023/fo-farmland/instances/pfile19.pddl
PATTY-B-npc,numeric/real-ipc-2023/pathwaysmetric,files/numeric/real-ipc-2023/pathwaysmetric/domain.pddl,files/numeric/real-ipc-2023/pathwaysmetric/instances/pfile1.pddl
PATTY-B-npc,numeric/real-ipc-2023/fo-counters,files/numeric/real-ipc-2023/fo-counters/domain.pddl,files/numeric/real-ipc-2023/fo-counters/instances/pfile15.pddl
PATTY-G-nei,numeric/real-ipc-2023/sailing,files/numeric/real-ipc-2023/sailing/domain.pddl,files/numeric/real-ipc-2023/sailing/instances/pfile16.pddl
PATTY-G-nei-chrpa,numeric/real-ipc-2023/hydropower,files/numeric/real-ipc-2023/hydropower/domain.pddl,files/numeric/real-ipc-2023/hydropower/instances/pfile1.pddl
PATTY-B-npc,numeric/real-ipc-2023/drone,files/numeric/real-ipc-2023/drone/domain.pddl,files/numeric/real-ipc-2023/drone/instances/pfile20.pddl
PATTY-G-nei-chrpa,numeric/real-ipc-2023/settlersnumeric,files/numeric/real-ipc-2023/settlersnumeric/domain.pddl,files/numeric/real-ipc-2023/settlersnumeric/instances/pfile4.pddl
PATTY-G-nei,numeric/real-ipc-2023/fo-counters,files/numeric/real-ipc-2023/fo-counters/domain.pddl,files/numeric/real-ipc-2023/fo-counters/instances/pfile9.pddl
PATTY-B-npc,numeric/real-ipc-2023/block-grouping,files/numeric/real-ipc-2023/block-grouping/domain.pddl,files/numeric/real-ipc-2023/block-grouping/instances/pfile6.pddl
PATTY-G-nei-chrpa,numeric/real-ipc-2023/block-grouping,files/numeric/real-ipc-2023/block-grouping/domain.pddl,files/numeric/real-ipc-2023/block-grouping/instances/pfile8.pddl
PATTY-B-npc,numeric/real-ipc-2023/tpp,files/numeric/real-ipc-2023/tpp/domain.pddl,files/numeric/real-ipc-2023/tpp/instances/pfile8.pddl
PATTY-G-nei,numeric/real-ipc-2023/pathwaysmetric,files/numeric/real-ipc-2023/pathwaysmetric/domain.pddl,files/numeric/real-ipc-2023/pathwaysmetric/instances/pfile6.pddl
PATTY-G-nei,numeric/real-ipc-2023/settlersnumeric,files/numeric/real-ipc-2023/settlersnumeric/domain.pddl,files/numeric/real-ipc-2023/settlersnumeric/instances/pfile1.pddl
PATTY-B-npc,numeric/real-ipc-2023/sailing,files/numeric/real-ipc-2023/sailing/domain.pddl,files/numeric/real-ipc-2023/sailing/instances/pfile14.pddl
PATTY-B-npc-chrpa,numeric/real-ipc-2023/fo-counters,files/numeric/real-ipc-2023/fo-counters/domain.pddl,files/numeric/real-ipc-2023/fo-counters/instances/pfile17.pddl
PATTY-G-nei-chrpa,numeric/real-ipc-2023/fo-sailing,files/numeric/real-ipc-2023/fo-sailing/domain.pddl,files/numeric/real-ipc-2023/fo-sailing/instances/pfile16.pddl
PATTY-B-npc,numeric/real-ipc-2023/expedition,files/numeric/real-ipc-2023/expedition/domain.pddl,files/numeric/real-ipc-2023/expedition/instances/pfile3.pddl
PATTY-G-nei-chrpa,numeric/real-ipc-2023/expedition,files/numeric/real-ipc-2023/expedition/domain.pddl,files/numeric/real-ipc-2023/expedition/instances/pfile7.pddl
PATTY-G-nei,numeric/line-exchange,files/numeric/line-exchange/domain.pddl,files/numeric/line-exchange/instances/4_10_90_100.pddl
PATTY-B-npc-chrpa,numeric/real-ipc-2023/delivery,files/numeric/real-ipc-2023/delivery/domain.pddl,files/numeric/real-ipc-2023/delivery/instances/pfile7.pddl
PATTY-G-nei-chrpa,numeric/real-ipc-2023/zenotravel,files/numeric/real-ipc-2023/zenotravel/domain.pddl,files/numeric/real-ipc-2023/zenotravel/instances/pfile19.pddl
PATTY-B-npc,numeric/real-ipc-2023/markettrader,files/numeric/real-ipc-2023/markettrader/domain.pddl,files/numeric/real-ipc-2023/markettrader/instances/pfile17.pddl
PATTY-G-nei,numeric/real-ipc-2023/zenotravel,files/numeric/real-ipc-2023/zenotravel/domain.pddl,files/numeric/real-ipc-2023/zenotravel/instances/pfile18.pddl
PATTY-B-npc,numeric/real-ipc-2023/tpp,files/numeric/real-ipc-2023/tpp/domain.pddl,files/numeric/real-ipc-2023/tpp/instances/pfile14.pddl
PATTY-G-nei-chrpa,numeric/real-ipc-2023/tpp,files/numeric/real-ipc-2023/tpp/domain.pddl,files/numeric/real-ipc-2023/tpp/instances/pfile13.pddl
PATTY-G-nei-chrpa,numeric/real-ipc-2023/fo-counters,files/numeric/real-ipc-2023/fo-counters/domain.pddl,files/numeric/real-ipc-2023/fo-counters/instances/pfile7.pddl
PATTY-B-npc,numeric/real-ipc-2023/fo-counters,files/numeric/real-ipc-2023/fo-counters/domain.pddl,files/numeric/real-ipc-2023/fo-counters/instances/pfile16.pddl
PATTY-G-nei-chrpa,numeric/real-ipc-2023/ext-plant-watering,files/numeric/real-ipc-2023/ext-plant-watering/domain.pddl,files/numeric/real-ipc-2023/ext-plant-watering/instances/pfile10.pddl
PATTY-B-npc-chrpa,numeric/real-ipc-2023/tpp,files/numeric/real-ipc-2023/tpp/domain.pddl,files/numeric/real-ipc-2023/tpp/instances/pfile16.pddl
PATTY-B-npc,numeric/real-ipc-2023/pathwaysmetric,files/numeric/real-ipc-2023/pathwaysmetric/domain.pddl,files/numeric/real-ipc-2023/pathwaysmetric/instances/pfile4.pddl
PATTY-G-nei,numeric/real-ipc-2023/tpp,files/numeric/real-ipc-2023/tpp/domain.pddl,files/numeric/real-ipc-2023/tpp/instances/pfile9.pddl
PATTY-B-npc,numeric/real-ipc-2023/sailing,files/numeric/real-ipc-2023/sailing/domain.pddl,files/numeric/real-ipc-2023/sailing/instances/pfile17.pddl
PATTY-G-nei-chrpa,numeric/real-ipc-2023/sailing,files/numeric/real-ipc-2023/sailing/domain.pddl,files/numeric/real-ipc-2023/sailing/instances/pfile12.pddl
PATTY-B-npc,numeric/real-ipc-2023/counters,files/numeric/real-ipc-2023/counters/domain.pddl,files/numeric/real-ipc-2023/counters/instances/pfile4.pddl
PATTY-G-nei-chrpa,numeric/real-ipc-2023/drone,files/numeric/real-ipc-2023/drone/domain.pddl,files/numeric/real-ipc-2023/drone/instances/pfile11.pddl
PATTY-B-npc,numeric/real-ipc-2023/block-grouping,files/numeric/real-ipc-2023/block-grouping/domain.pddl,files/numeric/real-ipc-2023/block-grouping/instances/pfile10.pddl
PATTY-G-nei,numeric/real-ipc-2023/fo-counters,files/numeric/real-ipc-2023/fo-counters/domain.pddl,files/numeric/real-ipc-2023/fo-counters/instances/pfile17.pddl
PATTY-B-npc,numeric/real-ipc-2023/settlersnumeric,files/numeric/real-ipc-2023/settlersnumeric/domain.pddl,files/numeric/real-ipc-2023/settlersnumeric/instances/pfile5.pddl
PATTY-G-nei-chrpa,numeric/real-ipc-2023/fo-counters,files/numeric/real-ipc-2023/fo-counters/domain.pddl,files/numeric/real-ipc-2023/fo-counters/instances/pfile18.pddl
PATTY-G-nei-chrpa,numeric/real-ipc-2023/delivery,files/numeric/real-ipc-2023/delivery/domain.pddl,files/numeric/real-ipc-2023/delivery/instances/pfile11.pddl
PATTY-G-nei,numeric/real-ipc-2023/rover,files/numeric/real-ipc-2023/rover/domain.pddl,files/numeric/real-ipc-2023/rover/instances/pfile16.pddl
PATTY-B-npc-chrpa,numeric/real-ipc-2023/zenotravel,files/numeric/real-ipc-2023/zenotravel/domain.pddl,files/numeric/real-ipc-2023/zenotravel/instances/pfile11.pddl
PATTY-G-nei-chrpa,numeric/real-ipc-2023/settlersnumeric,files/numeric/real-ipc-2023/settlersnumeric/domain.pddl,files/numeric/real-ipc-2023/settlersnumeric/instances/pfile9.pddl
PATTY-G-nei-chrpa,numeric/real-ipc-2023/markettrader,files/numeric/real-ipc-2023/markettrader/domain.pddl,files/numeric/real-ipc-2023/markettrader/instances/pfile17.pddl
PATTY-G-nei,numeric/real-ipc-2023/counters,files/numeric/real-ipc-2023/counters/domain.pddl,files/numeric/real-ipc-2023/counters/instances/pfile19.pddl
PATTY-G-nei-chrpa,numeric/real-ipc-2023/settlers-compiled,files/numeric/real-ipc-2023/settlers-compiled/domain.pddl,files/numeric/real-ipc-2023/settlers-compiled/instances/pfile9.pddl
PATTY-B-npc-chrpa,numeric/real-ipc-2023/mprime,files/numeric/real-ipc-2023/mprime/domain.pddl,files/numeric/real-ipc-2023/mprime/instances/pfile11.pddl
PATTY-G-nei,numeric/real-ipc-2023/farmland,files/numeric/real-ipc-2023/farmland/domain.pddl,files/numeric/real-ipc-2023/farmland/instances/pfile3.pddl
PATTY-B-npc,numeric/real-ipc-2023/ext-plant-watering,files/numeric/real-ipc-2023/ext-plant-watering/domain.pddl,files/numeric/real-ipc-2023/ext-plant-watering/instances/pfile11.pddl
PATTY-G-nei-chrpa,numeric/real-ipc-2023/settlersnumeric,files/numeric/real-ipc-2023/settlersnumeric/domain.pddl,files/numeric/real-ipc-2023/settlersnumeric/instances/pfile2.pddl
PATTY-G-nei,numeric/real-ipc-2023/block-grouping,files/numeric/real-ipc-2023/block-grouping/domain.pddl,files/numeric/real-ipc-2023/block-grouping/instances/pfile5.pddl
PATTY-B-npc-chrpa,numeric/real-ipc-2023/zenotravel,files/numeric/real-ipc-2023/zenotravel/domain.pddl,files/numeric/real-ipc-2023/zenotravel/instances/pfile12.pddl
PATTY-G-nei-chrpa,numeric/real-ipc-2023/settlers-compiled,files/numeric/real-ipc-2023/settlers-compiled/domain.pddl,files/numeric/real-ipc-2023/settlers-compiled/instances/pfile5.pddl
PATTY-G-nei-chrpa,numeric/real-ipc-2023/sailing,files/numeric/real-ipc-2023/sailing/domain.pddl,files/numeric/real-ipc-2023/sailing/instances/pfile19.pddl
PATTY-G-nei-chrpa,numeric/real-ipc-2023/fo-farmland,files/numeric/real-ipc-2023/fo-farmland/domain.pddl,files/numeric/real-ipc-2023/fo-farmland/instances/pfile3.pddl
PATTY-B-npc,numeric/real-ipc-2023/mprime,files/numeric/real-ipc-2023/mprime/domain.pddl,files/numeric/real-ipc-2023/mprime/instances/pfile11.pddl
PATTY-B-npc,numeric/real-ipc-2023/fo-counters,files/numeric/real-ipc-2023/fo-counters/domain.pddl,files/numeric/real-ipc-2023/fo-counters/instances/pfile7.pddl
PATTY-B-npc,numeric/real-ipc-2023/sailing,files/numeric/real-ipc-2023/sailing/domain.pddl,files/numeric/real-ipc-2023/sailing/instances/pfile4.pddl
PATTY-B-npc-chrpa,numeric/line-exchange,files/numeric/line-exchange/domain.pddl,files/numeric/line-exchange/instances/5_15_50_50.pddl
PATTY-G-nei,numeric/real-ipc-2023/fo-counters,files/numeric/real-ipc-2023/fo-counters/domain.pddl,files/numeric/real-ipc-2023/fo-counters/instances/pfile2.pddl
PATTY-B-npc-chrpa,numeric/real-ipc-2023/tpp,files/numeric/real-ipc-2023/tpp/domain.pddl,files/numeric/real-ipc-2023/tpp/instances/pfile14.pddl
PATTY-G-nei,numeric/real-ipc-2023/block-grouping,files/numeric/real-ipc-2023/block-grouping/domain.pddl,files/numeric/real-ipc-2023/block-grouping/instances/pfile10.pddl
PATTY-B-npc-chrpa,numeric/real-ipc-2023/farmland,files/numeric/real-ipc-2023/farmland/domain.pddl,files/numeric/real-ipc-2023/farmland/instances/pfile8.pddl
PATTY-G-nei,numeric/real-ipc-2023/fo-sailing,files/numeric/real-ipc-2023/fo-sailing/domain.pddl,files/numeric/real-ipc-2023/fo-sailing/instances/pfile9.pddl
PATTY-B-npc,numeric/real-ipc-2023/expedition,files/numeric/real-ipc-2023/expedition/domain.pddl,files/numeric/real-ipc-2023/expedition/instances/pfile13.pddl
PATTY-G-nei,numeric/real-ipc-2023/sailing,files/numeric/real-ipc-2023/sailing/domain.pddl,files/numeric/real-ipc-2023/sailing/instances/pfile2.pddl
PATTY-G-nei,numeric/real-ipc-2023/block-grouping,files/numeric/real-ipc-2023/block-grouping/domain.pddl,files/numeric/real-ipc-2023/block-grouping/instances/pfile14.pddl
PATTY-G-nei-chrpa,numeric/real-ipc-2023/sugar,files/numeric/real-ipc-2023/sugar/domain.pddl,files/numeric/real-ipc-2023/sugar/instances/pfile15.pddl
PATTY-B-npc,numeric/real-ipc-2023/counters,files/numeric/real-ipc-2023/counters/domain.pddl,files/numeric/real-ipc-2023/counters/instances/pfile18.pddl
PATTY-B-npc,numeric/real-ipc-2023/mprime,files/numeric/real-ipc-2023/mprime/domain.pddl,files/numeric/real-ipc-2023/mprime/instances/pfile16.pddl
PATTY-B-npc,numeric/real-ipc-2023/sugar,files/numeric/real-ipc-2023/sugar/domain.pddl,files/numeric/real-ipc-2023/sugar/instances/pfile14.pddl
PATTY-B-npc,numeric/real-ipc-2023/mprime,files/numeric/real-ipc-2023/mprime/domain.pddl,files/numeric/real-ipc-2023/mprime/instances/pfile3.pddl
PATTY-G-nei,numeric/real-ipc-2023/settlersnumeric,files/numeric/real-ipc-2023/settlersnumeric/domain.pddl,files/numeric/real-ipc-2023/settlersnumeric/instances/pfile3.pddl
PATTY-G-nei-chrpa,numeric/real-ipc-2023/mprime,files/numeric/real-ipc-2023/mprime/domain.pddl,files/numeric/real-ipc-2023/mprime/instances/pfile17.pddl
PATTY-B-npc-chrpa,numeric/real-ipc-2023/fo-farmland,files/numeric/real-ipc-2023/fo-farmland/domain.pddl,files/numeric/real-ipc-2023/fo-farmland/instances/pfile1.pddl
PATTY-G-nei-chrpa,numeric/real-ipc-2023/fo-farmland,files/numeric/real-ipc-2023/fo-farmland/domain.pddl,files/numeric/real-ipc-2023/fo-farmland/instances/pfile11.pddl
PATTY-G-nei,numeric/real-ipc-2023/rover,files/numeric/real-ipc-2023/rover/domain.pddl,files/numeric/real-ipc-2023/rover/instances/pfile6.pddl
PATTY-G-nei,numeric/real-ipc-2023/delivery,files/numeric/real-ipc-2023/delivery/domain.pddl,files/numeric/real-ipc-2023/delivery/instances/pfile12.pddl
PATTY-B-npc-chrpa,numeric/real-ipc-2023/counters,files/numeric/real-ipc-2023/counters/domain.pddl,files/numeric/real-ipc-2023/counters/instances/pfile11.pddl
PATTY-B-npc-chrpa,numeric/real-ipc-2023/mprime,files/numeric/real-ipc-2023/mprime/domain.pddl,files/numeric/real-ipc-2023/mprime/instances/pfile9.pddl
PATTY-G-nei,numeric/real-ipc-2023/farmland,files/numeric/real-ipc-2023/farmland/domain.pddl,files/numeric/real-ipc-2023/farmland/instances/pfile16.pddl
PATTY-G-nei-chrpa,numeric/real-ipc-2023/zenotravel,files/numeric/real-ipc-2023/zenotravel/domain.pddl,files/numeric/real-ipc-2023/zenotravel/instances/pfile5.pddl
PATTY-B-npc-chrpa,numeric/real-ipc-2023/drone,files/numeric/real-ipc-2023/drone/domain.pddl,files/numeric/real-ipc-2023/drone/instances/pfile3.pddl
PATTY-B-npc,numeric/real-ipc-2023/sailing,files/numeric/real-ipc-2023/sailing/domain.pddl,files/numeric/real-ipc-2023/sailing/instances/pfile1.pddl
PATTY-G-nei,numeric/real-ipc-2023/block-grouping,files/numeric/real-ipc-2023/block-grouping/domain.pddl,files/numeric/real-ipc-2023/block-grouping/instances/pfile12.pddl
PATTY-G-nei-chrpa,numeric/real-ipc-2023/sugar,files/numeric/real-ipc-2023/sugar/domain.pddl,files/numeric/real-ipc-2023/sugar/instances/pfile9.pddl
PATTY-B-npc,numeric/real-ipc-2023/sailing,files/numeric/real-ipc-2023/sailing/domain.pddl,files/numeric/real-ipc-2023/sailing/instances/pfile3.pddl
PATTY-G-nei-chrpa,numeric/real-ipc-2023/zenotravel,files/numeric/real-ipc-2023/zenotravel/domain.pddl,files/numeric/real-ipc-2023/zenotravel/instances/pfile9.pddl
PATTY-G-nei-chrpa,numeric/real-ipc-2023/sailing,files/numeric/real-ipc-2023/sailing/domain.pddl,files/numeric/real-ipc-2023/sailing/instances/pfile14.pddl
PATTY-G-nei,numeric/real-ipc-2023/fo-sailing,files/numeric/real-ipc-2023/fo-sailing/domain.pddl,files/numeric/real-ipc-2023/fo-sailing/instances/pfile1.pddl
PATTY-B-npc-chrpa,numeric/real-ipc-2023/tpp,files/numeric/real-ipc-2023/tpp/domain.pddl,files/numeric/real-ipc-2023/tpp/instances/pfile2.pddl
PATTY-B-npc-chrpa,numeric/real-ipc-2023/markettrader,files/numeric/real-ipc-2023/markettrader/domain.pddl,files/numeric/real-ipc-2023/markettrader/instances/pfile10.pddl
PATTY-B-npc-chrpa,numeric/real-ipc-2023/settlersnumeric,files/numeric/real-ipc-2023/settlersnumeric/domain.pddl,files/numeric/real-ipc-2023/settlersnumeric/instances/pfile19.pddl
PATTY-B-npc-chrpa,numeric/real-ipc-2023/counters,files/numeric/real-ipc-2023/counters/domain.pddl,files/numeric/real-ipc-2023/counters/instances/pfile20.pddl
PATTY-G-nei,numeric/real-ipc-2023/hydropower,files/numeric/real-ipc-2023/hydropower/domain.pddl,files/numeric/real-ipc-2023/hydropower/instances/pfile2.pddl
PATTY-B-npc,numeric/real-ipc-2023/sugar,files/numeric/real-ipc-2023/sugar/domain.pddl,files/numeric/real-ipc-2023/sugar/instances/pfile9.pddl
PATTY-G-nei-chrpa,numeric/real-ipc-2023/pathwaysmetric,files/numeric/real-ipc-2023/pathwaysmetric/domain.pddl,files/numeric/real-ipc-2023/pathwaysmetric/instances/pfile2.pddl
PATTY-G-nei-chrpa,numeric/real-ipc-2023/rover,files/numeric/real-ipc-2023/rover/domain.pddl,files/numeric/real-ipc-2023/rover/instances/pfile16.pddl
PATTY-B-npc-chrpa,numeric/real-ipc-2023/ext-plant-watering,files/numeric/real-ipc-2023/ext-plant-watering/domain.pddl,files/numeric/real-ipc-2023/ext-plant-watering/instances/pfile17.pddl
PATTY-G-nei,numeric/real-ipc-2023/markettrader,files/numeric/real-ipc-2023/markettrader/domain.pddl,files/numeric/real-ipc-2023/markettrader/instances/pfile15.pddl
PATTY-B-npc,numeric/real-ipc-2023/zenotravel,files/numeric/real-ipc-2023/zenotravel/domain.pddl,files/numeric/real-ipc-2023/zenotravel/instances/pfile7.pddl
PATTY-G-nei-chrpa,numeric/real-ipc-2023/fo-farmland,files/numeric/real-ipc-2023/fo-farmland/domain.pddl,files/numeric/real-ipc-2023/fo-farmland/instances/pfile9.pddl
PATTY-B-npc-chrpa,numeric/real-ipc-2023/settlers-compiled,files/numeric/real-ipc-2023/settlers-compiled/domain.pddl,files/numeric/real-ipc-2023/settlers-compiled/instances/pfile18.pddl
PATTY-B-npc-chrpa,numeric/real-ipc-2023/drone,files/numeric/real-ipc-2023/drone/domain.pddl,files/numeric/real-ipc-2023/drone/instances/pfile7.pddl
PATTY-B-npc-chrpa,numeric/real-ipc-2023/delivery,files/numeric/real-ipc-2023/delivery/domain.pddl,files/numeric/real-ipc-2023/delivery/instances/pfile19.pddl
PATTY-G-nei-chrpa,numeric/real-ipc-2023/sugar,files/numeric/real-ipc-2023/sugar/domain.pddl,files/numeric/real-ipc-2023/sugar/instances/pfile18.pddl
PATTY-B-npc,numeric/real-ipc-2023/sailing,files/numeric/real-ipc-2023/sailing/domain.pddl,files/numeric/real-ipc-2023/sailing/instances/pfile20.pddl
PATTY-G-nei,numeric/real-ipc-2023/counters,files/numeric/real-ipc-2023/counters/domain.pddl,files/numeric/real-ipc-2023/counters/instances/pfile12.pddl
PATTY-G-nei-chrpa,numeric/real-ipc-2023/fo-sailing,files/numeric/real-ipc-2023/fo-sailing/domain.pddl,files/numeric/real-ipc-2023/fo-sailing/instances/pfile13.pddl
PATTY-G-nei-chrpa,numeric/real-ipc-2023/fo-farmland,files/numeric/real-ipc-2023/fo-farmland/domain.pddl,files/numeric/real-ipc-2023/fo-farmland/instances/pfile7.pddl
PATTY-B-npc,numeric/real-ipc-2023/fo-farmland,files/numeric/real-ipc-2023/fo-farmland/domain.pddl,files/numeric/real-ipc-2023/fo-farmland/instances/pfile16.pddl
PATTY-G-nei,numeric/real-ipc-2023/zenotravel,files/numeric/real-ipc-2023/zenotravel/domain.pddl,files/numeric/real-ipc-2023/zenotravel/instances/pfile14.pddl
PATTY-G-nei,numeric/real-ipc-2023/rover,files/numeric/real-ipc-2023/rover/domain.pddl,files/numeric/real-ipc-2023/rover/instances/pfile9.pddl
PATTY-B-npc,numeric/real-ipc-2023/fo-counters,files/numeric/real-ipc-2023/fo-counters/domain.pddl,files/numeric/real-ipc-2023/fo-counters/instances/pfile13.pddl
PATTY-B-npc-chrpa,numeric/real-ipc-2023/fo-counters,files/numeric/real-ipc-2023/fo-counters/domain.pddl,files/numeric/real-ipc-2023/fo-counters/instances/pfile11.pddl
PATTY-B-npc-chrpa,numeric/real-ipc-2023/block-grouping,files/numeric/real-ipc-2023/block-grouping/domain.pddl,files/numeric/real-ipc-2023/block-grouping/instances/pfile14.pddl
PATTY-G-nei,numeric/real-ipc-2023/fo-counters,files/numeric/real-ipc-2023/fo-counters/domain.pddl,files/numeric/real-ipc-2023/fo-counters/instances/pfile15.pddl
PATTY-B-npc-chrpa,numeric/real-ipc-2023/drone,files/numeric/real-ipc-2023/drone/domain.pddl,files/numeric/real-ipc-2023/drone/instances/pfile5.pddl
PATTY-B-npc,numeric/real-ipc-2023/sugar,files/numeric/real-ipc-2023/sugar/domain.pddl,files/numeric/real-ipc-2023/sugar/instances/pfile10.pddl
PATTY-B-npc-chrpa,numeric/real-ipc-2023/sugar,files/numeric/real-ipc-2023/sugar/domain.pddl,files/numeric/real-ipc-2023/sugar/instances/pfile14.pddl
PATTY-G-nei-chrpa,numeric/real-ipc-2023/settlersnumeric,files/numeric/real-ipc-2023/settlersnumeric/domain.pddl,files/numeric/real-ipc-2023/settlersnumeric/instances/pfile17.pddl
PATTY-B-npc,numeric/real-ipc-2023/counters,files/numeric/real-ipc-2023/counters/domain.pddl,files/numeric/real-ipc-2023/counters/instances/pfile10.pddl
PATTY-B-npc-chrpa,numeric/real-ipc-2023/sailing,files/numeric/real-ipc-2023/sailing/domain.pddl,files/numeric/real-ipc-2023/sailing/instances/pfile18.pddl
PATTY-B-npc-chrpa,numeric/real-ipc-2023/fo-farmland,files/numeric/real-ipc-2023/fo-farmland/domain.pddl,files/numeric/real-ipc-2023/fo-farmland/instances/pfile12.pddl
PATTY-B-npc,numeric/real-ipc-2023/mprime,files/numeric/real-ipc-2023/mprime/domain.pddl,files/numeric/real-ipc-2023/mprime/instances/pfile1.pddl
PATTY-B-npc,numeric/real-ipc-2023/ext-plant-watering,files/numeric/real-ipc-2023/ext-plant-watering/domain.pddl,files/numeric/real-ipc-2023/ext-plant-watering/instances/pfile7.pddl
PATTY-B-npc,numeric/real-ipc-2023/markettrader,files/numeric/real-ipc-2023/markettrader/domain.pddl,files/numeric/real-ipc-2023/markettrader/instances/pfile5.pddl
PATTY-B-npc-chrpa,numeric/real-ipc-2023/zenotravel,files/numeric/real-ipc-2023/zenotravel/domain.pddl,files/numeric/real-ipc-2023/zenotravel/instances/pfile5.pddl
PATTY-B-npc,numeric/real-ipc-2023/sailing,files/numeric/real-ipc-2023/sailing/domain.pddl,files/numeric/real-ipc-2023/sailing/instances/pfile15.pddl
PATTY-B-npc,numeric/real-ipc-2023/zenotravel,files/numeric/real-ipc-2023/zenotravel/domain.pddl,files/numeric/real-ipc-2023/zenotravel/instances/pfile20.pddl
PATTY-B-npc-chrpa,numeric/real-ipc-2023/sugar,files/numeric/real-ipc-2023/sugar/domain.pddl,files/numeric/real-ipc-2023/sugar/instances/pfile19.pddl
PATTY-G-nei,numeric/real-ipc-2023/counters,files/numeric/real-ipc-2023/counters/domain.pddl,files/numeric/real-ipc-2023/counters/instances/pfile1.pddl
PATTY-G-nei,numeric/real-ipc-2023/zenotravel,files/numeric/real-ipc-2023/zenotravel/domain.pddl,files/numeric/real-ipc-2023/zenotravel/instances/pfile1.pddl
PATTY-G-nei,numeric/real-ipc-2023/zenotravel,files/numeric/real-ipc-2023/zenotravel/domain.pddl,files/numeric/real-ipc-2023/zenotravel/instances/pfile12.pddl
PATTY-B-npc-chrpa,numeric/real-ipc-2023/fo-sailing,files/numeric/real-ipc-2023/fo-sailing/domain.pddl,files/numeric/real-ipc-2023/fo-sailing/instances/pfile14.pddl
PATTY-B-npc-chrpa,numeric/real-ipc-2023/settlersnumeric,files/numeric/real-ipc-2023/settlersnumeric/domain.pddl,files/numeric/real-ipc-2023/settlersnumeric/instances/pfile4.pddl
PATTY-G-nei-chrpa,numeric/real-ipc-2023/sailing,files/numeric/real-ipc-2023/sailing/domain.pddl,files/numeric/real-ipc-2023/sailing/instances/pfile6.pddl
PATTY-G-nei,numeric/real-ipc-2023/settlers-compiled,files/numeric/real-ipc-2023/settlers-compiled/domain.pddl,files/numeric/real-ipc-2023/settlers-compiled/instances/pfile5.pddl
PATTY-G-nei-chrpa,numeric/real-ipc-2023/ext-plant-watering,files/numeric/real-ipc-2023/ext-plant-watering/domain.pddl,files/numeric/real-ipc-2023/ext-plant-watering/instances/pfile8.pddl
PATTY-B-npc,numeric/real-ipc-2023/ext-plant-watering,files/numeric/real-ipc-2023/ext-plant-watering/domain.pddl,files/numeric/real-ipc-2023/ext-plant-watering/instances/pfile14.pddl
PATTY-G-nei,numeric/real-ipc-2023/fo-counters,files/numeric/real-ipc-2023/fo-counters/domain.pddl,files/numeric/real-ipc-2023/fo-counters/instances/pfile5.pddl
PATTY-B-npc,numeric/real-ipc-2023/ext-plant-watering,files/numeric/real-ipc-2023/ext-plant-watering/domain.pddl,files/numeric/real-ipc-2023/ext-plant-watering/instances/pfile18.pddl
PATTY-B-npc-chrpa,numeric/real-ipc-2023/markettrader,files/numeric/real-ipc-2023/markettrader/domain.pddl,files/numeric/real-ipc-2023/markettrader/instances/pfile18.pddl
PATTY-G-nei,numeric/real-ipc-2023/zenotravel,files/numeric/real-ipc-2023/zenotravel/domain.pddl,files/numeric/real-ipc-2023/zenotravel/instances/pfile6.pddl
PATTY-G-nei,numeric/real-ipc-2023/settlers-compiled,files/numeric/real-ipc-2023/settlers-compiled/domain.pddl,files/numeric/real-ipc-2023/settlers-compiled/instances/pfile2.pddl
PATTY-B-npc-chrpa,numeric/real-ipc-2023/fo-counters,files/numeric/real-ipc-2023/fo-counters/domain.pddl,files/numeric/real-ipc-2023/fo-counters/instances/pfile7.pddl
PATTY-B-npc,numeric/line-exchange,files/numeric/line-exchange/domain.pddl,files/numeric/line-exchange/instances/4_5_25_50.pddl
PATTY-B-npc-chrpa,numeric/real-ipc-2023/expedition,files/numeric/real-ipc-2023/expedition/domain.pddl,files/numeric/real-ipc-2023/expedition/instances/pfile13.pddl
PATTY-G-nei-chrpa,numeric/real-ipc-2023/tpp,files/numeric/real-ipc-2023/tpp/domain.pddl,files/numeric/real-ipc-2023/tpp/instances/pfile16.pddl
PATTY-B-npc,numeric/real-ipc-2023/fo-sailing,files/numeric/real-ipc-2023/fo-sailing/domain.pddl,files/numeric/real-ipc-2023/fo-sailing/instances/pfile14.pddl
PATTY-B-npc-chrpa,numeric/real-ipc-2023/pathwaysmetric,files/numeric/real-ipc-2023/pathwaysmetric/domain.pddl,files/numeric/real-ipc-2023/pathwaysmetric/instances/pfile7.pddl
PATTY-G-nei-chrpa,numeric/real-ipc-2023/sailing,files/numeric/real-ipc-2023/sailing/domain.pddl,files/numeric/real-ipc-2023/sailing/instances/pfile8.pddl
PATTY-G-nei,numeric/real-ipc-2023/settlers-compiled,files/numeric/real-ipc-2023/settlers-compiled/domain.pddl,files/numeric/real-ipc-2023/settlers-compiled/instances/pfile7.pddl
PATTY-G-nei,numeric/real-ipc-2023/markettrader,files/numeric/real-ipc-2023/markettrader/domain.pddl,files/numeric/real-ipc-2023/markettrader/instances/pfile9.pddl
PATTY-B-npc,numeric/real-ipc-2023/hydropower,files/numeric/real-ipc-2023/hydropower/domain.pddl,files/numeric/real-ipc-2023/hydropower/instances/pfile2.pddl
PATTY-B-npc,numeric/real-ipc-2023/settlers-compiled,files/numeric/real-ipc-2023/settlers-compiled/domain.pddl,files/numeric/real-ipc-2023/settlers-compiled/instances/pfile17.pddl
PATTY-B-npc-chrpa,numeric/real-ipc-2023/counters,files/numeric/real-ipc-2023/counters/domain.pddl,files/numeric/real-ipc-2023/counters/instances/pfile15.pddl
PATTY-G-nei,numeric/real-ipc-2023/fo-counters,files/numeric/real-ipc-2023/fo-counters/domain.pddl,files/numeric/real-ipc-2023/fo-counters/instances/pfile8.pddl
PATTY-G-nei-chrpa,numeric/real-ipc-2023/fo-sailing,files/numeric/real-ipc-2023/fo-sailing/domain.pddl,files/numeric/real-ipc-2023/fo-sailing/instances/pfile2.pddl
PATTY-B-npc-chrpa,numeric/real-ipc-2023/block-grouping,files/numeric/real-ipc-2023/block-grouping/domain.pddl,files/numeric/real-ipc-2023/block-grouping/instances/pfile5.pddl
PATTY-G-nei,numeric/real-ipc-2023/drone,files/numeric/real-ipc-2023/drone/domain.pddl,files/numeric/real-ipc-2023/drone/instances/pfile13.pddl
PATTY-G-nei-chrpa,numeric/real-ipc-2023/expedition,files/numeric/real-ipc-2023/expedition/domain.pddl,files/numeric/real-ipc-2023/expedition/instances/pfile18.pddl
PATTY-G-nei,numeric/real-ipc-2023/counters,files/numeric/real-ipc-2023/counters/domain.pddl,files/numeric/real-ipc-2023/counters/instances/pfile18.pddl
PATTY-G-nei,numeric/real-ipc-2023/ext-plant-watering,files/numeric/real-ipc-2023/ext-plant-watering/domain.pddl,files/numeric/real-ipc-2023/ext-plant-watering/instances/pfile15.pddl
PATTY-B-npc,numeric/real-ipc-2023/hydropower,files/numeric/real-ipc-2023/hydropower/domain.pddl,files/numeric/real-ipc-2023/hydropower/instances/pfile18.pddl
PATTY-G-nei-chrpa,numeric/real-ipc-2023/fo-farmland,files/numeric/real-ipc-2023/fo-farmland/domain.pddl,files/numeric/real-ipc-2023/fo-farmland/instances/pfile15.pddl
PATTY-G-nei,numeric/real-ipc-2023/hydropower,files/numeric/real-ipc-2023/hydropower/domain.pddl,files/numeric/real-ipc-2023/hydropower/instances/pfile15.pddl
PATTY-G-nei,numeric/real-ipc-2023/fo-sailing,files/numeric/real-ipc-2023/fo-sailing/domain.pddl,files/numeric/real-ipc-2023/fo-sailing/instances/pfile4.pddl
PATTY-G-nei-chrpa,numeric/real-ipc-2023/fo-farmland,files/numeric/real-ipc-2023/fo-farmland/domain.pddl,files/numeric/real-ipc-2023/fo-farmland/instances/pfile12.pddl
PATTY-G-nei,numeric/real-ipc-2023/farmland,files/numeric/real-ipc-2023/farmland/domain.pddl,files/numeric/real-ipc-2023/farmland/instances/pfile14.pddl
PATTY-G-nei-chrpa,numeric/real-ipc-2023/counters,files/numeric/real-ipc-2023/counters/domain.pddl,files/numeric/real-ipc-2023/counters/instances/pfile5.pddl
PATTY-B-npc,numeric/real-ipc-2023/expedition,files/numeric/real-ipc-2023/expedition/domain.pddl,files/numeric/real-ipc-2023/expedition/instances/pfile9.pddl
PATTY-B-npc-chrpa,numeric/real-ipc-2023/settlersnumeric,files/numeric/real-ipc-2023/settlersnumeric/domain.pddl,files/numeric/real-ipc-2023/settlersnumeric/instances/pfile15.pddl
PATTY-B-npc,numeric/real-ipc-2023/farmland,files/numeric/real-ipc-2023/farmland/domain.pddl,files/numeric/real-ipc-2023/farmland/instances/pfile14.pddl
PATTY-B-npc-chrpa,numeric/real-ipc-2023/mprime,files/numeric/real-ipc-2023/mprime/domain.pddl,files/numeric/real-ipc-2023/mprime/instances/pfile17.pddl
PATTY-G-nei-chrpa,numeric/real-ipc-2023/delivery,files/numeric/real-ipc-2023/delivery/domain.pddl,files/numeric/real-ipc-2023/delivery/instances/pfile18.pddl
PATTY-G-nei-chrpa,numeric/real-ipc-2023/drone,files/numeric/real-ipc-2023/drone/domain.pddl,files/numeric/real-ipc-2023/drone/instances/pfile12.pddl
PATTY-B-npc,numeric/real-ipc-2023/pathwaysmetric,files/numeric/real-ipc-2023/pathwaysmetric/domain.pddl,files/numeric/real-ipc-2023/pathwaysmetric/instances/pfile10.pddl
PATTY-G-nei,numeric/real-ipc-2023/drone,files/numeric/real-ipc-2023/drone/domain.pddl,files/numeric/real-ipc-2023/drone/instances/pfile20.pddl
PATTY-B-npc-chrpa,numeric/real-ipc-2023/settlers-compiled,files/numeric/real-ipc-2023/settlers-compiled/domain.pddl,files/numeric/real-ipc-2023/settlers-compiled/instances/pfile15.pddl
PATTY-B-npc-chrpa,numeric/real-ipc-2023/mprime,files/numeric/real-ipc-2023/mprime/domain.pddl,files/numeric/real-ipc-2023/mprime/instances/pfile15.pddl
PATTY-B-npc-chrpa,numeric/real-ipc-2023/tpp,files/numeric/real-ipc-2023/tpp/domain.pddl,files/numeric/real-ipc-2023/tpp/instances/pfile12.pddl
PATTY-B-npc-chrpa,numeric/real-ipc-2023/ext-plant-watering,files/numeric/real-ipc-2023/ext-plant-watering/domain.pddl,files/numeric/real-ipc-2023/ext-plant-watering/instances/pfile3.pddl
PATTY-G-nei,numeric/real-ipc-2023/delivery,files/numeric/real-ipc-2023/delivery/domain.pddl,files/numeric/real-ipc-2023/delivery/instances/pfile13.pddl
PATTY-G-nei-chrpa,numeric/real-ipc-2023/pathwaysmetric,files/numeric/real-ipc-2023/pathwaysmetric/domain.pddl,files/numeric/real-ipc-2023/pathwaysmetric/instances/pfile9.pddl
PATTY-G-nei,numeric/real-ipc-2023/farmland,files/numeric/real-ipc-2023/farmland/domain.pddl,files/numeric/real-ipc-2023/farmland/instances/pfile20.pddl
PATTY-B-npc,numeric/real-ipc-2023/drone,files/numeric/real-ipc-2023/drone/domain.pddl,files/numeric/real-ipc-2023/drone/instances/pfile1.pddl
PATTY-G-nei-chrpa,numeric/real-ipc-2023/fo-farmland,files/numeric/real-ipc-2023/fo-farmland/domain.pddl,files/numeric/real-ipc-2023/fo-farmland/instances/pfile20.pddl
PATTY-B-npc,numeric/real-ipc-2023/delivery,files/numeric/real-ipc-2023/delivery/domain.pddl,files/numeric/real-ipc-2023/delivery/instances/pfile17.pddl
PATTY-G-nei-chrpa,numeric/real-ipc-2023/drone,files/numeric/real-ipc-2023/drone/domain.pddl,files/numeric/real-ipc-2023/drone/instances/pfile2.pddl
PATTY-B-npc-chrpa,numeric/real-ipc-2023/rover,files/numeric/real-ipc-2023/rover/domain.pddl,files/numeric/real-ipc-2023/rover/instances/pfile20.pddl
PATTY-G-nei,numeric/real-ipc-2023/settlersnumeric,files/numeric/real-ipc-2023/settlersnumeric/domain.pddl,files/numeric/real-ipc-2023/settlersnumeric/instances/pfile4.pddl
PATTY-G-nei-chrpa,numeric/real-ipc-2023/tpp,files/numeric/real-ipc-2023/tpp/domain.pddl,files/numeric/real-ipc-2023/tpp/instances/pfile7.pddl
PATTY-G-nei-chrpa,numeric/real-ipc-2023/ext-plant-watering,files/numeric/real-ipc-2023/ext-plant-watering/domain.pddl,files/numeric/real-ipc-2023/ext-plant-watering/instances/pfile20.pddl
PATTY-B-npc-chrpa,numeric/real-ipc-2023/ext-plant-watering,files/numeric/real-ipc-2023/ext-plant-watering/domain.pddl,files/numeric/real-ipc-2023/ext-plant-watering/instances/pfile8.pddl
PATTY-G-nei-chrpa,numeric/real-ipc-2023/mprime,files/numeric/real-ipc-2023/mprime/domain.pddl,files/numeric/real-ipc-2023/mprime/instances/pfile3.pddl
PATTY-G-nei-chrpa,numeric/real-ipc-2023/delivery,files/numeric/real-ipc-2023/delivery/domain.pddl,files/numeric/real-ipc-2023/delivery/instances/pfile10.pddl
PATTY-G-nei,numeric/real-ipc-2023/ext-plant-watering,files/numeric/real-ipc-2023/ext-plant-watering/domain.pddl,files/numeric/real-ipc-2023/ext-plant-watering/instances/pfile18.pddl
PATTY-G-nei,numeric/real-ipc-2023/hydropower,files/numeric/real-ipc-2023/hydropower/domain.pddl,files/numeric/real-ipc-2023/hydropower/instances/pfile11.pddl
PATTY-G-nei-chrpa,numeric/real-ipc-2023/settlers-compiled,files/numeric/real-ipc-2023/settlers-compiled/domain.pddl,files/numeric/real-ipc-2023/settlers-compiled/instances/pfile4.pddl
PATTY-G-nei-chrpa,numeric/real-ipc-2023/markettrader,files/numeric/real-ipc-2023/markettrader/domain.pddl,files/numeric/real-ipc-2023/markettrader/instances/pfile8.pddl
PATTY-G-nei-chrpa,numeric/real-ipc-2023/pathwaysmetric,files/numeric/real-ipc-2023/pathwaysmetric/domain.pddl,files/numeric/real-ipc-2023/pathwaysmetric/instances/pfile1.pddl
PATTY-G-nei-chrpa,numeric/real-ipc-2023/tpp,files/numeric/real-ipc-2023/tpp/domain.pddl,files/numeric/real-ipc-2023/tpp/instances/pfile4.pddl
PATTY-G-nei,numeric/real-ipc-2023/expedition,files/numeric/real-ipc-2023/expedition/domain.pddl,files/numeric/real-ipc-2023/expedition/instances/pfile16.pddl
PATTY-B-npc-chrpa,numeric/real-ipc-2023/hydropower,files/numeric/real-ipc-2023/hydropower/domain.pddl,files/numeric/real-ipc-2023/hydropower/instances/pfile18.pddl
PATTY-G-nei,numeric/real-ipc-2023/sailing,files/numeric/real-ipc-2023/sailing/domain.pddl,files/numeric/real-ipc-2023/sailing/instances/pfile19.pddl
PATTY-B-npc,numeric/real-ipc-2023/sailing,files/numeric/real-ipc-2023/sailing/domain.pddl,files/numeric/real-ipc-2023/sailing/instances/pfile16.pddl
PATTY-B-npc,numeric/real-ipc-2023/sailing,files/numeric/real-ipc-2023/sailing/domain.pddl,files/numeric/real-ipc-2023/sailing/instances/pfile7.pddl
PATTY-B-npc-chrpa,numeric/real-ipc-2023/ext-plant-watering,files/numeric/real-ipc-2023/ext-plant-watering/domain.pddl,files/numeric/real-ipc-2023/ext-plant-watering/instances/pfile10.pddl
PATTY-B-npc-chrpa,numeric/real-ipc-2023/hydropower,files/numeric/real-ipc-2023/hydropower/domain.pddl,files/numeric/real-ipc-2023/hydropower/instances/pfile15.pddl
PATTY-G-nei-chrpa,numeric/real-ipc-2023/counters,files/numeric/real-ipc-2023/counters/domain.pddl,files/numeric/real-ipc-2023/counters/instances/pfile8.pddl
PATTY-G-nei-chrpa,numeric/real-ipc-2023/rover,files/numeric/real-ipc-2023/rover/domain.pddl,files/numeric/real-ipc-2023/rover/instances/pfile9.pddl
PATTY-G-nei-chrpa,numeric/real-ipc-2023/fo-sailing,files/numeric/real-ipc-2023/fo-sailing/domain.pddl,files/numeric/real-ipc-2023/fo-sailing/instances/pfile19.pddl
PATTY-G-nei,numeric/real-ipc-2023/sailing,files/numeric/real-ipc-2023/sailing/domain.pddl,files/numeric/real-ipc-2023/sailing/instances/pfile1.pddl
PATTY-B-npc,numeric/real-ipc-2023/farmland,files/numeric/real-ipc-2023/farmland/domain.pddl,files/numeric/real-ipc-2023/farmland/instances/pfile5.pddl
PATTY-G-nei,numeric/real-ipc-2023/sugar,files/numeric/real-ipc-2023/sugar/domain.pddl,files/numeric/real-ipc-2023/sugar/instances/pfile5.pddl
PATTY-G-nei,numeric/real-ipc-2023/block-grouping,files/numeric/real-ipc-2023/block-grouping/domain.pddl,files/numeric/real-ipc-2023/block-grouping/instances/pfile20.pddl
PATTY-B-npc-chrpa,numeric/real-ipc-2023/markettrader,files/numeric/real-ipc-2023/markettrader/domain.pddl,files/numeric/real-ipc-2023/markettrader/instances/pfile6.pddl
PATTY-G-nei,numeric/real-ipc-2023/rover,files/numeric/real-ipc-2023/rover/domain.pddl,files/numeric/real-ipc-2023/rover/instances/pfile10.pddl
PATTY-G-nei-chrpa,numeric/real-ipc-2023/fo-counters,files/numeric/real-ipc-2023/fo-counters/domain.pddl,files/numeric/real-ipc-2023/fo-counters/instances/pfile2.pddl
PATTY-B-npc,numeric/real-ipc-2023/settlers-compiled,files/numeric/real-ipc-2023/settlers-compiled/domain.pddl,files/numeric/real-ipc-2023/settlers-compiled/instances/pfile2.pddl
PATTY-G-nei,numeric/real-ipc-2023/pathwaysmetric,files/numeric/real-ipc-2023/pathwaysmetric/domain.pddl,files/numeric/real-ipc-2023/pathwaysmetric/instances/pfile14.pddl
PATTY-G-nei,numeric/real-ipc-2023/counters,files/numeric/real-ipc-2023/counters/domain.pddl,files/numeric/real-ipc-2023/counters/instances/pfile2.pddl
PATTY-G-nei,numeric/real-ipc-2023/mprime,files/numeric/real-ipc-2023/mprime/domain.pddl,files/numeric/real-ipc-2023/mprime/instances/pfile13.pddl
PATTY-G-nei-chrpa,numeric/real-ipc-2023/settlers-compiled,files/numeric/real-ipc-2023/settlers-compiled/domain.pddl,files/numeric/real-ipc-2023/settlers-compiled/instances/pfile17.pddl
PATTY-B-npc,numeric/real-ipc-2023/expedition,files/numeric/real-ipc-2023/expedition/domain.pddl,files/numeric/real-ipc-2023/expedition/instances/pfile12.pddl
PATTY-G-nei-chrpa,numeric/real-ipc-2023/pathwaysmetric,files/numeric/real-ipc-2023/pathwaysmetric/domain.pddl,files/numeric/real-ipc-2023/pathwaysmetric/instances/pfile13.pddl
PATTY-B-npc-chrpa,numeric/real-ipc-2023/expedition,files/numeric/real-ipc-2023/expedition/domain.pddl,files/numeric/real-ipc-2023/expedition/instances/pfile4.pddl
PATTY-G-nei,numeric/real-ipc-2023/expedition,files/numeric/real-ipc-2023/expedition/domain.pddl,files/numeric/real-ipc-2023/expedition/instances/pfile11.pddl
PATTY-B-npc,numeric/real-ipc-2023/fo-farmland,files/numeric/real-ipc-2023/fo-farmland/domain.pddl,files/numeric/real-ipc-2023/fo-farmland/instances/pfile9.pddl
PATTY-G-nei-chrpa,numeric/real-ipc-2023/fo-counters,files/numeric/real-ipc-2023/fo-counters/domain.pddl,files/numeric/real-ipc-2023/fo-counters/instances/pfile5.pddl
PATTY-G-nei-chrpa,numeric/real-ipc-2023/block-grouping,files/numeric/real-ipc-2023/block-grouping/domain.pddl,files/numeric/real-ipc-2023/block-grouping/instances/pfile1.pddl
PATTY-G-nei-chrpa,numeric/real-ipc-2023/pathwaysmetric,files/numeric/real-ipc-2023/pathwaysmetric/domain.pddl,files/numeric/real-ipc-2023/pathwaysmetric/instances/pfile8.pddl
PATTY-G-nei-chrpa,numeric/real-ipc-2023/fo-sailing,files/numeric/real-ipc-2023/fo-sailing/domain.pddl,files/numeric/real-ipc-2023/fo-sailing/instances/pfile9.pddl
PATTY-G-nei,numeric/real-ipc-2023/expedition,files/numeric/real-ipc-2023/expedition/domain.pddl,files/numeric/real-ipc-2023/expedition/instances/pfile19.pddl
PATTY-B-npc,numeric/real-ipc-2023/fo-counters,files/numeric/real-ipc-2023/fo-counters/domain.pddl,files/numeric/real-ipc-2023/fo-counters/instances/pfile8.pddl
PATTY-B-npc-chrpa,numeric/real-ipc-2023/expedition,files/numeric/real-ipc-2023/expedition/domain.pddl,files/numeric/real-ipc-2023/expedition/instances/pfile20.pddl
PATTY-G-nei,numeric/real-ipc-2023/ext-plant-watering,files/numeric/real-ipc-2023/ext-plant-watering/domain.pddl,files/numeric/real-ipc-2023/ext-plant-watering/instances/pfile2.pddl
PATTY-B-npc-chrpa,numeric/real-ipc-2023/zenotravel,files/numeric/real-ipc-2023/zenotravel/domain.pddl,files/numeric/real-ipc-2023/zenotravel/instances/pfile18.pddl
PATTY-G-nei,numeric/real-ipc-2023/settlers-compiled,files/numeric/real-ipc-2023/settlers-compiled/domain.pddl,files/numeric/real-ipc-2023/settlers-compiled/instances/pfile15.pddl
PATTY-B-npc,numeric/real-ipc-2023/drone,files/numeric/real-ipc-2023/drone/domain.pddl,files/numeric/real-ipc-2023/drone/instances/pfile19.pddl
PATTY-B-npc-chrpa,numeric/real-ipc-2023/expedition,files/numeric/real-ipc-2023/expedition/domain.pddl,files/numeric/real-ipc-2023/expedition/instances/pfile18.pddl
PATTY-G-nei,numeric/real-ipc-2023/zenotravel,files/numeric/real-ipc-2023/zenotravel/domain.pddl,files/numeric/real-ipc-2023/zenotravel/instances/pfile3.pddl
PATTY-B-npc,numeric/real-ipc-2023/block-grouping,files/numeric/real-ipc-2023/block-grouping/domain.pddl,files/numeric/real-ipc-2023/block-grouping/instances/pfile5.pddl
PATTY-B-npc,numeric/real-ipc-2023/expedition,files/numeric/real-ipc-2023/expedition/domain.pddl,files/numeric/real-ipc-2023/expedition/instances/pfile6.pddl
PATTY-B-npc-chrpa,numeric/real-ipc-2023/farmland,files/numeric/real-ipc-2023/farmland/domain.pddl,files/numeric/real-ipc-2023/farmland/instances/pfile10.pddl
PATTY-G-nei-chrpa,numeric/real-ipc-2023/ext-plant-watering,files/numeric/real-ipc-2023/ext-plant-watering/domain.pddl,files/numeric/real-ipc-2023/ext-plant-watering/instances/pfile15.pddl
PATTY-B-npc,numeric/real-ipc-2023/mprime,files/numeric/real-ipc-2023/mprime/domain.pddl,files/numeric/real-ipc-2023/mprime/instances/pfile18.pddl
PATTY-B-npc-chrpa,numeric/real-ipc-2023/rover,files/numeric/real-ipc-2023/rover/domain.pddl,files/numeric/real-ipc-2023/rover/instances/pfile1.pddl
PATTY-G-nei-chrpa,numeric/real-ipc-2023/sugar,files/numeric/real-ipc-2023/sugar/domain.pddl,files/numeric/real-ipc-2023/sugar/instances/pfile16.pddl
PATTY-B-npc-chrpa,numeric/real-ipc-2023/fo-farmland,files/numeric/real-ipc-2023/fo-farmland/domain.pddl,files/numeric/real-ipc-2023/fo-farmland/instances/pfile16.pddl
PATTY-B-npc-chrpa,numeric/real-ipc-2023/settlers-compiled,files/numeric/real-ipc-2023/settlers-compiled/domain.pddl,files/numeric/real-ipc-2023/settlers-compiled/instances/pfile3.pddl
PATTY-B-npc,numeric/real-ipc-2023/sugar,files/numeric/real-ipc-2023/sugar/domain.pddl,files/numeric/real-ipc-2023/sugar/instances/pfile11.pddl
PATTY-G-nei,numeric/real-ipc-2023/counters,files/numeric/real-ipc-2023/counters/domain.pddl,files/numeric/real-ipc-2023/counters/instances/pfile14.pddl
PATTY-B-npc-chrpa,numeric/real-ipc-2023/hydropower,files/numeric/real-ipc-2023/hydropower/domain.pddl,files/numeric/real-ipc-2023/hydropower/instances/pfile13.pddl
PATTY-B-npc-chrpa,numeric/line-exchange,files/numeric/line-exchange/domain.pddl,files/numeric/line-exchange/instances/3_5_50_50.pddl
PATTY-G-nei,numeric/real-ipc-2023/settlers-compiled,files/numeric/real-ipc-2023/settlers-compiled/domain.pddl,files/numeric/real-ipc-2023/settlers-compiled/instances/pfile17.pddl
PATTY-G-nei,numeric/real-ipc-2023/drone,files/numeric/real-ipc-2023/drone/domain.pddl,files/numeric/real-ipc-2023/drone/instances/pfile8.pddl
PATTY-B-npc,numeric/real-ipc-2023/counters,files/numeric/real-ipc-2023/counters/domain.pddl,files/numeric/real-ipc-2023/counters/instances/pfile1.pddl
PATTY-B-npc,numeric/real-ipc-2023/counters,files/numeric/real-ipc-2023/counters/domain.pddl,files/numeric/real-ipc-2023/counters/instances/pfile8.pddl
PATTY-B-npc,numeric/real-ipc-2023/fo-sailing,files/numeric/real-ipc-2023/fo-sailing/domain.pddl,files/numeric/real-ipc-2023/fo-sailing/instances/pfile1.pddl
PATTY-B-npc-chrpa,numeric/real-ipc-2023/fo-farmland,files/numeric/real-ipc-2023/fo-farmland/domain.pddl,files/numeric/real-ipc-2023/fo-farmland/instances/pfile13.pddl
PATTY-G-nei,numeric/real-ipc-2023/hydropower,files/numeric/real-ipc-2023/hydropower/domain.pddl,files/numeric/real-ipc-2023/hydropower/instances/pfile3.pddl
PATTY-B-npc,numeric/real-ipc-2023/counters,files/numeric/real-ipc-2023/counters/domain.pddl,files/numeric/real-ipc-2023/counters/instances/pfile7.pddl
PATTY-G-nei,numeric/real-ipc-2023/block-grouping,files/numeric/real-ipc-2023/block-grouping/domain.pddl,files/numeric/real-ipc-2023/block-grouping/instances/pfile18.pddl
PATTY-B-npc,numeric/real-ipc-2023/counters,files/numeric/real-ipc-2023/counters/domain.pddl,files/numeric/real-ipc-2023/counters/instances/pfile11.pddl
PATTY-B-npc,numeric/real-ipc-2023/tpp,files/numeric/real-ipc-2023/tpp/domain.pddl,files/numeric/real-ipc-2023/tpp/instances/pfile7.pddl
PATTY-B-npc-chrpa,numeric/real-ipc-2023/sugar,files/numeric/real-ipc-2023/sugar/domain.pddl,files/numeric/real-ipc-2023/sugar/instances/pfile9.pddl
PATTY-G-nei,numeric/real-ipc-2023/counters,files/numeric/real-ipc-2023/counters/domain.pddl,files/numeric/real-ipc-2023/counters/instances/pfile11.pddl
PATTY-G-nei,numeric/real-ipc-2023/ext-plant-watering,files/numeric/real-ipc-2023/ext-plant-watering/domain.pddl,files/numeric/real-ipc-2023/ext-plant-watering/instances/pfile10.pddl
PATTY-B-npc,numeric/real-ipc-2023/settlers-compiled,files/numeric/real-ipc-2023/settlers-compiled/domain.pddl,files/numeric/real-ipc-2023/settlers-compiled/instances/pfile15.pddl
PATTY-G-nei,numeric/real-ipc-2023/markettrader,files/numeric/real-ipc-2023/markettrader/domain.pddl,files/numeric/real-ipc-2023/markettrader/instances/pfile10.pddl
PATTY-B-npc,numeric/real-ipc-2023/fo-counters,files/numeric/real-ipc-2023/fo-counters/domain.pddl,files/numeric/real-ipc-2023/fo-counters/instances/pfile1.pddl
PATTY-G-nei-chrpa,numeric/real-ipc-2023/markettrader,files/numeric/real-ipc-2023/markettrader/domain.pddl,files/numeric/real-ipc-2023/markettrader/instances/pfile14.pddl
PATTY-G-nei,numeric/real-ipc-2023/sugar,files/numeric/real-ipc-2023/sugar/domain.pddl,files/numeric/real-ipc-2023/sugar/instances/pfile10.pddl
PATTY-B-npc,numeric/real-ipc-2023/tpp,files/numeric/real-ipc-2023/tpp/domain.pddl,files/numeric/real-ipc-2023/tpp/instances/pfile1.pddl
PATTY-G-nei-chrpa,numeric/real-ipc-2023/mprime,files/numeric/real-ipc-2023/mprime/domain.pddl,files/numeric/real-ipc-2023/mprime/instances/pfile10.pddl
PATTY-B-npc-chrpa,numeric/real-ipc-2023/hydropower,files/numeric/real-ipc-2023/hydropower/domain.pddl,files/numeric/real-ipc-2023/hydropower/instances/pfile2.pddl
PATTY-B-npc-chrpa,numeric/real-ipc-2023/delivery,files/numeric/real-ipc-2023/delivery/domain.pddl,files/numeric/real-ipc-2023/delivery/instances/pfile8.pddl
PATTY-G-nei,numeric/real-ipc-2023/pathwaysmetric,files/numeric/real-ipc-2023/pathwaysmetric/domain.pddl,files/numeric/real-ipc-2023/pathwaysmetric/instances/pfile20.pddl
PATTY-G-nei-chrpa,numeric/real-ipc-2023/delivery,files/numeric/real-ipc-2023/delivery/domain.pddl,files/numeric/real-ipc-2023/delivery/instances/pfile6.pddl
PATTY-G-nei,numeric/real-ipc-2023/pathwaysmetric,files/numeric/real-ipc-2023/pathwaysmetric/domain.pddl,files/numeric/real-ipc-2023/pathwaysmetric/instances/pfile5.pddl
PATTY-B-npc-chrpa,numeric/real-ipc-2023/expedition,files/numeric/real-ipc-2023/expedition/domain.pddl,files/numeric/real-ipc-2023/expedition/instances/pfile1.pddl
PATTY-B-npc,numeric/real-ipc-2023/expedition,files/numeric/real-ipc-2023/expedition/domain.pddl,files/numeric/real-ipc-2023/expedition/instances/pfile19.pddl
PATTY-B-npc,numeric/real-ipc-2023/expedition,files/numeric/real-ipc-2023/expedition/domain.pddl,files/numeric/real-ipc-2023/expedition/instances/pfile10.pddl
PATTY-B-npc,numeric/real-ipc-2023/counters,files/numeric/real-ipc-2023/counters/domain.pddl,files/numeric/real-ipc-2023/counters/instances/pfile5.pddl
PATTY-B-npc-chrpa,numeric/real-ipc-2023/ext-plant-watering,files/numeric/real-ipc-2023/ext-plant-watering/domain.pddl,files/numeric/real-ipc-2023/ext-plant-watering/instances/pfile11.pddl
PATTY-G-nei,numeric/real-ipc-2023/sailing,files/numeric/real-ipc-2023/sailing/domain.pddl,files/numeric/real-ipc-2023/sailing/instances/pfile12.pddl
PATTY-G-nei-chrpa,numeric/real-ipc-2023/sugar,files/numeric/real-ipc-2023/sugar/domain.pddl,files/numeric/real-ipc-2023/sugar/instances/pfile17.pddl
PATTY-G-nei,numeric/real-ipc-2023/sugar,files/numeric/real-ipc-2023/sugar/domain.pddl,files/numeric/real-ipc-2023/sugar/instances/pfile8.pddl
PATTY-G-nei-chrpa,numeric/real-ipc-2023/farmland,files/numeric/real-ipc-2023/farmland/domain.pddl,files/numeric/real-ipc-2023/farmland/instances/pfile10.pddl
PATTY-B-npc,numeric/real-ipc-2023/tpp,files/numeric/real-ipc-2023/tpp/domain.pddl,files/numeric/real-ipc-2023/tpp/instances/pfile16.pddl
PATTY-B-npc-chrpa,numeric/line-exchange,files/numeric/line-exchange/domain.pddl,files/numeric/line-exchange/instances/3_10_90_50.pddl
PATTY-G-nei,numeric/real-ipc-2023/settlers-compiled,files/numeric/real-ipc-2023/settlers-compiled/domain.pddl,files/numeric/real-ipc-2023/settlers-compiled/instances/pfile20.pddl
PATTY-G-nei,numeric/line-exchange,files/numeric/line-exchange/domain.pddl,files/numeric/line-exchange/instances/3_15_25_100.pddl
PATTY-B-npc-chrpa,numeric/line-exchange,files/numeric/line-exchange/domain.pddl,files/numeric/line-exchange/instances/3_15_25_100.pddl
PATTY-G-nei,numeric/real-ipc-2023/zenotravel,files/numeric/real-ipc-2023/zenotravel/domain.pddl,files/numeric/real-ipc-2023/zenotravel/instances/pfile15.pddl
PATTY-B-npc,numeric/real-ipc-2023/markettrader,files/numeric/real-ipc-2023/markettrader/domain.pddl,files/numeric/real-ipc-2023/markettrader/instances/pfile14.pddl
PATTY-B-npc,numeric/real-ipc-2023/tpp,files/numeric/real-ipc-2023/tpp/domain.pddl,files/numeric/real-ipc-2023/tpp/instances/pfile20.pddl
PATTY-B-npc,numeric/real-ipc-2023/tpp,files/numeric/real-ipc-2023/tpp/domain.pddl,files/numeric/real-ipc-2023/tpp/instances/pfile13.pddl
PATTY-G-nei,numeric/real-ipc-2023/markettrader,files/numeric/real-ipc-2023/markettrader/domain.pddl,files/numeric/real-ipc-2023/markettrader/instances/pfile3.pddl
PATTY-B-npc,numeric/real-ipc-2023/hydropower,files/numeric/real-ipc-2023/hydropower/domain.pddl,files/numeric/real-ipc-2023/hydropower/instances/pfile16.pddl
PATTY-G-nei-chrpa,numeric/real-ipc-2023/hydropower,files/numeric/real-ipc-2023/hydropower/domain.pddl,files/numeric/real-ipc-2023/hydropower/instances/pfile7.pddl
PATTY-B-npc-chrpa,numeric/real-ipc-2023/hydropower,files/numeric/real-ipc-2023/hydropower/domain.pddl,files/numeric/real-ipc-2023/hydropower/instances/pfile9.pddl
PATTY-B-npc,numeric/real-ipc-2023/mprime,files/numeric/real-ipc-2023/mprime/domain.pddl,files/numeric/real-ipc-2023/mprime/instances/pfile9.pddl
PATTY-B-npc,numeric/real-ipc-2023/mprime,files/numeric/real-ipc-2023/mprime/domain.pddl,files/numeric/real-ipc-2023/mprime/instances/pfile2.pddl
PATTY-G-nei-chrpa,numeric/real-ipc-2023/ext-plant-watering,files/numeric/real-ipc-2023/ext-plant-watering/domain.pddl,files/numeric/real-ipc-2023/ext-plant-watering/instances/pfile19.pddl
PATTY-B-npc,numeric/real-ipc-2023/fo-farmland,files/numeric/real-ipc-2023/fo-farmland/domain.pddl,files/numeric/real-ipc-2023/fo-farmland/instances/pfile12.pddl
PATTY-G-nei,numeric/real-ipc-2023/ext-plant-watering,files/numeric/real-ipc-2023/ext-plant-watering/domain.pddl,files/numeric/real-ipc-2023/ext-plant-watering/instances/pfile7.pddl
PATTY-G-nei,numeric/real-ipc-2023/sailing,files/numeric/real-ipc-2023/sailing/domain.pddl,files/numeric/real-ipc-2023/sailing/instances/pfile20.pddl
PATTY-G-nei,numeric/real-ipc-2023/delivery,files/numeric/real-ipc-2023/delivery/domain.pddl,files/numeric/real-ipc-2023/delivery/instances/pfile8.pddl
PATTY-B-npc-chrpa,numeric/real-ipc-2023/tpp,files/numeric/real-ipc-2023/tpp/domain.pddl,files/numeric/real-ipc-2023/tpp/instances/pfile6.pddl
PATTY-G-nei-chrpa,numeric/real-ipc-2023/settlersnumeric,files/numeric/real-ipc-2023/settlersnumeric/domain.pddl,files/numeric/real-ipc-2023/settlersnumeric/instances/pfile6.pddl
PATTY-B-npc-chrpa,numeric/real-ipc-2023/rover,files/numeric/real-ipc-2023/rover/domain.pddl,files/numeric/real-ipc-2023/rover/instances/pfile8.pddl
PATTY-G-nei,numeric/real-ipc-2023/sailing,files/numeric/real-ipc-2023/sailing/domain.pddl,files/numeric/real-ipc-2023/sailing/instances/pfile14.pddl
PATTY-G-nei,numeric/real-ipc-2023/tpp,files/numeric/real-ipc-2023/tpp/domain.pddl,files/numeric/real-ipc-2023/tpp/instances/pfile2.pddl
PATTY-B-npc-chrpa,numeric/real-ipc-2023/delivery,files/numeric/real-ipc-2023/delivery/domain.pddl,files/numeric/real-ipc-2023/delivery/instances/pfile17.pddl
PATTY-B-npc-chrpa,numeric/real-ipc-2023/fo-sailing,files/numeric/real-ipc-2023/fo-sailing/domain.pddl,files/numeric/real-ipc-2023/fo-sailing/instances/pfile4.pddl
PATTY-B-npc-chrpa,numeric/real-ipc-2023/drone,files/numeric/real-ipc-2023/drone/domain.pddl,files/numeric/real-ipc-2023/drone/instances/pfile8.pddl
PATTY-B-npc-chrpa,numeric/real-ipc-2023/pathwaysmetric,files/numeric/real-ipc-2023/pathwaysmetric/domain.pddl,files/numeric/real-ipc-2023/pathwaysmetric/instances/pfile17.pddl
PATTY-B-npc,numeric/real-ipc-2023/settlersnumeric,files/numeric/real-ipc-2023/settlersnumeric/domain.pddl,files/numeric/real-ipc-2023/settlersnumeric/instances/pfile16.pddl
PATTY-B-npc,numeric/real-ipc-2023/pathwaysmetric,files/numeric/real-ipc-2023/pathwaysmetric/domain.pddl,files/numeric/real-ipc-2023/pathwaysmetric/instances/pfile16.pddl
PATTY-G-nei,numeric/real-ipc-2023/markettrader,files/numeric/real-ipc-2023/markettrader/domain.pddl,files/numeric/real-ipc-2023/markettrader/instances/pfile6.pddl
PATTY-G-nei,numeric/real-ipc-2023/pathwaysmetric,files/numeric/real-ipc-2023/pathwaysmetric/domain.pddl,files/numeric/real-ipc-2023/pathwaysmetric/instances/pfile2.pddl
PATTY-G-nei-chrpa,numeric/real-ipc-2023/fo-farmland,files/numeric/real-ipc-2023/fo-farmland/domain.pddl,files/numeric/real-ipc-2023/fo-farmland/instances/pfile19.pddl
PATTY-G-nei-chrpa,numeric/real-ipc-2023/settlers-compiled,files/numeric/real-ipc-2023/settlers-compiled/domain.pddl,files/numeric/real-ipc-2023/settlers-compiled/instances/pfile11.pddl
PATTY-B-npc-chrpa,numeric/real-ipc-2023/farmland,files/numeric/real-ipc-2023/farmland/domain.pddl,files/numeric/real-ipc-2023/farmland/instances/pfile7.pddl
PATTY-G-nei-chrpa,numeric/real-ipc-2023/ext-plant-watering,files/numeric/real-ipc-2023/ext-plant-watering/domain.pddl,files/numeric/real-ipc-2023/ext-plant-watering/instances/pfile12.pddl
PATTY-B-npc,numeric/real-ipc-2023/expedition,files/numeric/real-ipc-2023/expedition/domain.pddl,files/numeric/real-ipc-2023/expedition/instances/pfile18.pddl
PATTY-G-nei-chrpa,numeric/real-ipc-2023/hydropower,files/numeric/real-ipc-2023/hydropower/domain.pddl,files/numeric/real-ipc-2023/hydropower/instances/pfile19.pddl
PATTY-G-nei-chrpa,numeric/real-ipc-2023/rover,files/numeric/real-ipc-2023/rover/domain.pddl,files/numeric/real-ipc-2023/rover/instances/pfile5.pddl
PATTY-B-npc-chrpa,numeric/real-ipc-2023/mprime,files/numeric/real-ipc-2023/mprime/domain.pddl,files/numeric/real-ipc-2023/mprime/instances/pfile14.pddl
PATTY-B-npc-chrpa,numeric/real-ipc-2023/ext-plant-watering,files/numeric/real-ipc-2023/ext-plant-watering/domain.pddl,files/numeric/real-ipc-2023/ext-plant-watering/instances/pfile20.pddl
PATTY-B-npc,numeric/real-ipc-2023/farmland,files/numeric/real-ipc-2023/farmland/domain.pddl,files/numeric/real-ipc-2023/farmland/instances/pfile7.pddl
PATTY-G-nei-chrpa,numeric/real-ipc-2023/fo-sailing,files/numeric/real-ipc-2023/fo-sailing/domain.pddl,files/numeric/real-ipc-2023/fo-sailing/instances/pfile12.pddl
PATTY-G-nei,numeric/real-ipc-2023/farmland,files/numeric/real-ipc-2023/farmland/domain.pddl,files/numeric/real-ipc-2023/farmland/instances/pfile9.pddl
PATTY-G-nei-chrpa,numeric/real-ipc-2023/delivery,files/numeric/real-ipc-2023/delivery/domain.pddl,files/numeric/real-ipc-2023/delivery/instances/pfile14.pddl
PATTY-G-nei,numeric/real-ipc-2023/rover,files/numeric/real-ipc-2023/rover/domain.pddl,files/numeric/real-ipc-2023/rover/instances/pfile12.pddl
PATTY-B-npc-chrpa,numeric/real-ipc-2023/sugar,files/numeric/real-ipc-2023/sugar/domain.pddl,files/numeric/real-ipc-2023/sugar/instances/pfile16.pddl
PATTY-B-npc-chrpa,numeric/real-ipc-2023/mprime,files/numeric/real-ipc-2023/mprime/domain.pddl,files/numeric/real-ipc-2023/mprime/instances/pfile3.pddl
PATTY-G-nei-chrpa,numeric/real-ipc-2023/fo-counters,files/numeric/real-ipc-2023/fo-counters/domain.pddl,files/numeric/real-ipc-2023/fo-counters/instances/pfile8.pddl
PATTY-G-nei-chrpa,numeric/real-ipc-2023/block-grouping,files/numeric/real-ipc-2023/block-grouping/domain.pddl,files/numeric/real-ipc-2023/block-grouping/instances/pfile9.pddl
PATTY-B-npc-chrpa,numeric/real-ipc-2023/delivery,files/numeric/real-ipc-2023/delivery/domain.pddl,files/numeric/real-ipc-2023/delivery/instances/pfile3.pddl
PATTY-B-npc,numeric/real-ipc-2023/settlersnumeric,files/numeric/real-ipc-2023/settlersnumeric/domain.pddl,files/numeric/real-ipc-2023/settlersnumeric/instances/pfile2.pddl
PATTY-B-npc-chrpa,numeric/real-ipc-2023/settlersnumeric,files/numeric/real-ipc-2023/settlersnumeric/domain.pddl,files/numeric/real-ipc-2023/settlersnumeric/instances/pfile13.pddl
PATTY-G-nei-chrpa,numeric/real-ipc-2023/fo-sailing,files/numeric/real-ipc-2023/fo-sailing/domain.pddl,files/numeric/real-ipc-2023/fo-sailing/instances/pfile17.pddl
PATTY-G-nei-chrpa,numeric/real-ipc-2023/block-grouping,files/numeric/real-ipc-2023/block-grouping/domain.pddl,files/numeric/real-ipc-2023/block-grouping/instances/pfile17.pddl
PATTY-G-nei-chrpa,numeric/real-ipc-2023/drone,files/numeric/real-ipc-2023/drone/domain.pddl,files/numeric/real-ipc-2023/drone/instances/pfile16.pddl
PATTY-B-npc,numeric/real-ipc-2023/counters,files/numeric/real-ipc-2023/counters/domain.pddl,files/numeric/real-ipc-2023/counters/instances/pfile9.pddl
PATTY-G-nei,numeric/real-ipc-2023/block-grouping,files/numeric/real-ipc-2023/block-grouping/domain.pddl,files/numeric/real-ipc-2023/block-grouping/instances/pfile11.pddl
PATTY-G-nei,numeric/real-ipc-2023/mprime,files/numeric/real-ipc-2023/mprime/domain.pddl,files/numeric/real-ipc-2023/mprime/instances/pfile4.pddl
PATTY-B-npc-chrpa,numeric/real-ipc-2023/farmland,files/numeric/real-ipc-2023/farmland/domain.pddl,files/numeric/real-ipc-2023/farmland/instances/pfile11.pddl
PATTY-G-nei,numeric/real-ipc-2023/fo-farmland,files/numeric/real-ipc-2023/fo-farmland/domain.pddl,files/numeric/real-ipc-2023/fo-farmland/instances/pfile7.pddl
PATTY-B-npc,numeric/real-ipc-2023/fo-farmland,files/numeric/real-ipc-2023/fo-farmland/domain.pddl,files/numeric/real-ipc-2023/fo-farmland/instances/pfile4.pddl
PATTY-B-npc,numeric/real-ipc-2023/delivery,files/numeric/real-ipc-2023/delivery/domain.pddl,files/numeric/real-ipc-2023/delivery/instances/pfile4.pddl
PATTY-G-nei-chrpa,numeric/line-exchange,files/numeric/line-exchange/domain.pddl,files/numeric/line-exchange/instances/5_15_25_10.pddl
PATTY-B-npc,numeric/real-ipc-2023/block-grouping,files/numeric/real-ipc-2023/block-grouping/domain.pddl,files/numeric/real-ipc-2023/block-grouping/instances/pfile14.pddl
PATTY-B-npc,numeric/real-ipc-2023/pathwaysmetric,files/numeric/real-ipc-2023/pathwaysmetric/domain.pddl,files/numeric/real-ipc-2023/pathwaysmetric/instances/pfile12.pddl
PATTY-G-nei,numeric/real-ipc-2023/sailing,files/numeric/real-ipc-2023/sailing/domain.pddl,files/numeric/real-ipc-2023/sailing/instances/pfile6.pddl
PATTY-B-npc-chrpa,numeric/real-ipc-2023/fo-farmland,files/numeric/real-ipc-2023/fo-farmland/domain.pddl,files/numeric/real-ipc-2023/fo-farmland/instances/pfile2.pddl
PATTY-B-npc-chrpa,numeric/real-ipc-2023/pathwaysmetric,files/numeric/real-ipc-2023/pathwaysmetric/domain.pddl,files/numeric/real-ipc-2023/pathwaysmetric/instances/pfile20.pddl
PATTY-G-nei-chrpa,numeric/real-ipc-2023/pathwaysmetric,files/numeric/real-ipc-2023/pathwaysmetric/domain.pddl,files/numeric/real-ipc-2023/pathwaysmetric/instances/pfile6.pddl
PATTY-B-npc-chrpa,numeric/real-ipc-2023/block-grouping,files/numeric/real-ipc-2023/block-grouping/domain.pddl,files/numeric/real-ipc-2023/block-grouping/instances/pfile7.pddl
PATTY-B-npc-chrpa,numeric/real-ipc-2023/settlersnumeric,files/numeric/real-ipc-2023/settlersnumeric/domain.pddl,files/numeric/real-ipc-2023/settlersnumeric/instances/pfile2.pddl
PATTY-B-npc,numeric/real-ipc-2023/fo-farmland,files/numeric/real-ipc-2023/fo-farmland/domain.pddl,files/numeric/real-ipc-2023/fo-farmland/instances/pfile13.pddl
PATTY-G-nei-chrpa,numeric/real-ipc-2023/rover,files/numeric/real-ipc-2023/rover/domain.pddl,files/numeric/real-ipc-2023/rover/instances/pfile17.pddl
PATTY-G-nei-chrpa,numeric/real-ipc-2023/fo-farmland,files/numeric/real-ipc-2023/fo-farmland/domain.pddl,files/numeric/real-ipc-2023/fo-farmland/instances/pfile4.pddl
PATTY-G-nei-chrpa,numeric/real-ipc-2023/drone,files/numeric/real-ipc-2023/drone/domain.pddl,files/numeric/real-ipc-2023/drone/instances/pfile18.pddl
PATTY-B-npc,numeric/real-ipc-2023/fo-sailing,files/numeric/real-ipc-2023/fo-sailing/domain.pddl,files/numeric/real-ipc-2023/fo-sailing/instances/pfile6.pddl
PATTY-G-nei-chrpa,numeric/real-ipc-2023/farmland,files/numeric/real-ipc-2023/farmland/domain.pddl,files/numeric/real-ipc-2023/farmland/instances/pfile8.pddl
PATTY-G-nei-chrpa,numeric/real-ipc-2023/drone,files/numeric/real-ipc-2023/drone/domain.pddl,files/numeric/real-ipc-2023/drone/instances/pfile8.pddl
PATTY-G-nei,numeric/real-ipc-2023/fo-counters,files/numeric/real-ipc-2023/fo-counters/domain.pddl,files/numeric/real-ipc-2023/fo-counters/instances/pfile14.pddl
PATTY-G-nei-chrpa,numeric/real-ipc-2023/zenotravel,files/numeric/real-ipc-2023/zenotravel/domain.pddl,files/numeric/real-ipc-2023/zenotravel/instances/pfile13.pddl
PATTY-B-npc-chrpa,numeric/real-ipc-2023/rover,files/numeric/real-ipc-2023/rover/domain.pddl,files/numeric/real-ipc-2023/rover/instances/pfile10.pddl
PATTY-B-npc,numeric/real-ipc-2023/fo-sailing,files/numeric/real-ipc-2023/fo-sailing/domain.pddl,files/numeric/real-ipc-2023/fo-sailing/instances/pfile8.pddl
PATTY-B-npc-chrpa,numeric/line-exchange,files/numeric/line-exchange/domain.pddl,files/numeric/line-exchange/instances/3_10_50_10.pddl
PATTY-G-nei,numeric/real-ipc-2023/delivery,files/numeric/real-ipc-2023/delivery/domain.pddl,files/numeric/real-ipc-2023/delivery/instances/pfile1.pddl
PATTY-B-npc,numeric/real-ipc-2023/settlers-compiled,files/numeric/real-ipc-2023/settlers-compiled/domain.pddl,files/numeric/real-ipc-2023/settlers-compiled/instances/pfile1.pddl
PATTY-G-nei,numeric/real-ipc-2023/markettrader,files/numeric/real-ipc-2023/markettrader/domain.pddl,files/numeric/real-ipc-2023/markettrader/instances/pfile17.pddl
PATTY-G-nei,numeric/real-ipc-2023/mprime,files/numeric/real-ipc-2023/mprime/domain.pddl,files/numeric/real-ipc-2023/mprime/instances/pfile2.pddl
PATTY-G-nei,numeric/real-ipc-2023/hydropower,files/numeric/real-ipc-2023/hydropower/domain.pddl,files/numeric/real-ipc-2023/hydropower/instances/pfile7.pddl
PATTY-B-npc-chrpa,numeric/real-ipc-2023/fo-counters,files/numeric/real-ipc-2023/fo-counters/domain.pddl,files/numeric/real-ipc-2023/fo-counters/instances/pfile4.pddl
PATTY-B-npc-chrpa,numeric/real-ipc-2023/pathwaysmetric,files/numeric/real-ipc-2023/pathwaysmetric/domain.pddl,files/numeric/real-ipc-2023/pathwaysmetric/instances/pfile16.pddl
PATTY-B-npc,numeric/real-ipc-2023/block-grouping,files/numeric/real-ipc-2023/block-grouping/domain.pddl,files/numeric/real-ipc-2023/block-grouping/instances/pfile16.pddl
PATTY-G-nei,numeric/real-ipc-2023/ext-plant-watering,files/numeric/real-ipc-2023/ext-plant-watering/domain.pddl,files/numeric/real-ipc-2023/ext-plant-watering/instances/pfile17.pddl
PATTY-G-nei,numeric/real-ipc-2023/counters,files/numeric/real-ipc-2023/counters/domain.pddl,files/numeric/real-ipc-2023/counters/instances/pfile7.pddl
PATTY-G-nei-chrpa,numeric/real-ipc-2023/tpp,files/numeric/real-ipc-2023/tpp/domain.pddl,files/numeric/real-ipc-2023/tpp/instances/pfile19.pddl
PATTY-B-npc-chrpa,numeric/real-ipc-2023/rover,files/numeric/real-ipc-2023/rover/domain.pddl,files/numeric/real-ipc-2023/rover/instances/pfile12.pddl
PATTY-G-nei-chrpa,numeric/real-ipc-2023/fo-sailing,files/numeric/real-ipc-2023/fo-sailing/domain.pddl,files/numeric/real-ipc-2023/fo-sailing/instances/pfile3.pddl
PATTY-B-npc,numeric/real-ipc-2023/rover,files/numeric/real-ipc-2023/rover/domain.pddl,files/numeric/real-ipc-2023/rover/instances/pfile4.pddl
PATTY-G-nei,numeric/real-ipc-2023/fo-farmland,files/numeric/real-ipc-2023/fo-farmland/domain.pddl,files/numeric/real-ipc-2023/fo-farmland/instances/pfile9.pddl
PATTY-G-nei,numeric/real-ipc-2023/settlersnumeric,files/numeric/real-ipc-2023/settlersnumeric/domain.pddl,files/numeric/real-ipc-2023/settlersnumeric/instances/pfile2.pddl
PATTY-B-npc-chrpa,numeric/real-ipc-2023/expedition,files/numeric/real-ipc-2023/expedition/domain.pddl,files/numeric/real-ipc-2023/expedition/instances/pfile5.pddl
PATTY-G-nei,numeric/real-ipc-2023/fo-sailing,files/numeric/real-ipc-2023/fo-sailing/domain.pddl,files/numeric/real-ipc-2023/fo-sailing/instances/pfile12.pddl
PATTY-G-nei,numeric/real-ipc-2023/farmland,files/numeric/real-ipc-2023/farmland/domain.pddl,files/numeric/real-ipc-2023/farmland/instances/pfile2.pddl
PATTY-G-nei-chrpa,numeric/real-ipc-2023/drone,files/numeric/real-ipc-2023/drone/domain.pddl,files/numeric/real-ipc-2023/drone/instances/pfile15.pddl
PATTY-B-npc,numeric/real-ipc-2023/expedition,files/numeric/real-ipc-2023/expedition/domain.pddl,files/numeric/real-ipc-2023/expedition/instances/pfile8.pddl
PATTY-B-npc-chrpa,numeric/real-ipc-2023/sailing,files/numeric/real-ipc-2023/sailing/domain.pddl,files/numeric/real-ipc-2023/sailing/instances/pfile9.pddl
PATTY-B-npc,numeric/real-ipc-2023/expedition,files/numeric/real-ipc-2023/expedition/domain.pddl,files/numeric/real-ipc-2023/expedition/instances/pfile2.pddl
PATTY-B-npc-chrpa,numeric/real-ipc-2023/sugar,files/numeric/real-ipc-2023/sugar/domain.pddl,files/numeric/real-ipc-2023/sugar/instances/pfile13.pddl
PATTY-G-nei,numeric/real-ipc-2023/drone,files/numeric/real-ipc-2023/drone/domain.pddl,files/numeric/real-ipc-2023/drone/instances/pfile3.pddl
PATTY-B-npc-chrpa,numeric/real-ipc-2023/ext-plant-watering,files/numeric/real-ipc-2023/ext-plant-watering/domain.pddl,files/numeric/real-ipc-2023/ext-plant-watering/instances/pfile13.pddl
PATTY-B-npc,numeric/real-ipc-2023/hydropower,files/numeric/real-ipc-2023/hydropower/domain.pddl,files/numeric/real-ipc-2023/hydropower/instances/pfile11.pddl
PATTY-B-npc,numeric/real-ipc-2023/rover,files/numeric/real-ipc-2023/rover/domain.pddl,files/numeric/real-ipc-2023/rover/instances/pfile19.pddl
PATTY-G-nei-chrpa,numeric/real-ipc-2023/mprime,files/numeric/real-ipc-2023/mprime/domain.pddl,files/numeric/real-ipc-2023/mprime/instances/pfile7.pddl
PATTY-G-nei,numeric/real-ipc-2023/expedition,files/numeric/real-ipc-2023/expedition/domain.pddl,files/numeric/real-ipc-2023/expedition/instances/pfile18.pddl
PATTY-B-npc,numeric/real-ipc-2023/tpp,files/numeric/real-ipc-2023/tpp/domain.pddl,files/numeric/real-ipc-2023/tpp/instances/pfile19.pddl
PATTY-G-nei,numeric/real-ipc-2023/delivery,files/numeric/real-ipc-2023/delivery/domain.pddl,files/numeric/real-ipc-2023/delivery/instances/pfile18.pddl
PATTY-G-nei-chrpa,numeric/real-ipc-2023/sugar,files/numeric/real-ipc-2023/sugar/domain.pddl,files/numeric/real-ipc-2023/sugar/instances/pfile20.pddl
PATTY-B-npc-chrpa,numeric/real-ipc-2023/sugar,files/numeric/real-ipc-2023/sugar/domain.pddl,files/numeric/real-ipc-2023/sugar/instances/pfile12.pddl
PATTY-G-nei-chrpa,numeric/real-ipc-2023/sugar,files/numeric/real-ipc-2023/sugar/domain.pddl,files/numeric/real-ipc-2023/sugar/instances/pfile2.pddl
PATTY-G-nei,numeric/real-ipc-2023/hydropower,files/numeric/real-ipc-2023/hydropower/domain.pddl,files/numeric/real-ipc-2023/hydropower/instances/pfile13.pddl
PATTY-B-npc-chrpa,numeric/real-ipc-2023/hydropower,files/numeric/real-ipc-2023/hydropower/domain.pddl,files/numeric/real-ipc-2023/hydropower/instances/pfile3.pddl
PATTY-B-npc-chrpa,numeric/line-exchange,files/numeric/line-exchange/domain.pddl,files/numeric/line-exchange/instances/4_5_50_100.pddl
PATTY-G-nei-chrpa,numeric/real-ipc-2023/zenotravel,files/numeric/real-ipc-2023/zenotravel/domain.pddl,files/numeric/real-ipc-2023/zenotravel/instances/pfile7.pddl
PATTY-B-npc-chrpa,numeric/line-exchange,files/numeric/line-exchange/domain.pddl,files/numeric/line-exchange/instances/4_15_90_50.pddl
PATTY-G-nei-chrpa,numeric/real-ipc-2023/ext-plant-watering,files/numeric/real-ipc-2023/ext-plant-watering/domain.pddl,files/numeric/real-ipc-2023/ext-plant-watering/instances/pfile1.pddl
PATTY-G-nei,numeric/real-ipc-2023/markettrader,files/numeric/real-ipc-2023/markettrader/domain.pddl,files/numeric/real-ipc-2023/markettrader/instances/pfile5.pddl
PATTY-B-npc-chrpa,numeric/real-ipc-2023/drone,files/numeric/real-ipc-2023/drone/domain.pddl,files/numeric/real-ipc-2023/drone/instances/pfile10.pddl
PATTY-G-nei,numeric/real-ipc-2023/rover,files/numeric/real-ipc-2023/rover/domain.pddl,files/numeric/real-ipc-2023/rover/instances/pfile1.pddl
PATTY-B-npc,numeric/real-ipc-2023/tpp,files/numeric/real-ipc-2023/tpp/domain.pddl,files/numeric/real-ipc-2023/tpp/instances/pfile4.pddl
PATTY-G-nei,numeric/real-ipc-2023/hydropower,files/numeric/real-ipc-2023/hydropower/domain.pddl,files/numeric/real-ipc-2023/hydropower/instances/pfile19.pddl
PATTY-B-npc,numeric/real-ipc-2023/drone,files/numeric/real-ipc-2023/drone/domain.pddl,files/numeric/real-ipc-2023/drone/instances/pfile13.pddl
PATTY-G-nei-chrpa,numeric/line-exchange,files/numeric/line-exchange/domain.pddl,files/numeric/line-exchange/instances/4_5_25_50.pddl
PATTY-B-npc-chrpa,numeric/real-ipc-2023/settlersnumeric,files/numeric/real-ipc-2023/settlersnumeric/domain.pddl,files/numeric/real-ipc-2023/settlersnumeric/instances/pfile7.pddl
PATTY-G-nei,numeric/real-ipc-2023/zenotravel,files/numeric/real-ipc-2023/zenotravel/domain.pddl,files/numeric/real-ipc-2023/zenotravel/instances/pfile11.pddl
PATTY-G-nei,numeric/real-ipc-2023/settlersnumeric,files/numeric/real-ipc-2023/settlersnumeric/domain.pddl,files/numeric/real-ipc-2023/settlersnumeric/instances/pfile10.pddl
PATTY-G-nei,numeric/real-ipc-2023/block-grouping,files/numeric/real-ipc-2023/block-grouping/domain.pddl,files/numeric/real-ipc-2023/block-grouping/instances/pfile17.pddl
PATTY-B-npc,numeric/real-ipc-2023/pathwaysmetric,files/numeric/real-ipc-2023/pathwaysmetric/domain.pddl,files/numeric/real-ipc-2023/pathwaysmetric/instances/pfile17.pddl
PATTY-B-npc-chrpa,numeric/real-ipc-2023/delivery,files/numeric/real-ipc-2023/delivery/domain.pddl,files/numeric/real-ipc-2023/delivery/instances/pfile13.pddl
PATTY-G-nei-chrpa,numeric/real-ipc-2023/settlersnumeric,files/numeric/real-ipc-2023/settlersnumeric/domain.pddl,files/numeric/real-ipc-2023/settlersnumeric/instances/pfile1.pddl
PATTY-G-nei-chrpa,numeric/real-ipc-2023/sugar,files/numeric/real-ipc-2023/sugar/domain.pddl,files/numeric/real-ipc-2023/sugar/instances/pfile3.pddl
PATTY-B-npc-chrpa,numeric/real-ipc-2023/block-grouping,files/numeric/real-ipc-2023/block-grouping/domain.pddl,files/numeric/real-ipc-2023/block-grouping/instances/pfile19.pddl
PATTY-B-npc,numeric/real-ipc-2023/mprime,files/numeric/real-ipc-2023/mprime/domain.pddl,files/numeric/real-ipc-2023/mprime/instances/pfile8.pddl
PATTY-G-nei,numeric/real-ipc-2023/markettrader,files/numeric/real-ipc-2023/markettrader/domain.pddl,files/numeric/real-ipc-2023/markettrader/instances/pfile12.pddl
PATTY-G-nei-chrpa,numeric/real-ipc-2023/counters,files/numeric/real-ipc-2023/counters/domain.pddl,files/numeric/real-ipc-2023/counters/instances/pfile6.pddl
PATTY-G-nei,numeric/real-ipc-2023/farmland,files/numeric/real-ipc-2023/farmland/domain.pddl,files/numeric/real-ipc-2023/farmland/instances/pfile7.pddl
PATTY-G-nei-chrpa,numeric/real-ipc-2023/pathwaysmetric,files/numeric/real-ipc-2023/pathwaysmetric/domain.pddl,files/numeric/real-ipc-2023/pathwaysmetric/instances/pfile20.pddl
PATTY-B-npc,numeric/real-ipc-2023/zenotravel,files/numeric/real-ipc-2023/zenotravel/domain.pddl,files/numeric/real-ipc-2023/zenotravel/instances/pfile4.pddl
PATTY-G-nei-chrpa,numeric/line-exchange,files/numeric/line-exchange/domain.pddl,files/numeric/line-exchange/instances/3_5_90_100.pddl
PATTY-G-nei-chrpa,numeric/real-ipc-2023/farmland,files/numeric/real-ipc-2023/farmland/domain.pddl,files/numeric/real-ipc-2023/farmland/instances/pfile2.pddl
PATTY-B-npc-chrpa,numeric/real-ipc-2023/zenotravel,files/numeric/real-ipc-2023/zenotravel/domain.pddl,files/numeric/real-ipc-2023/zenotravel/instances/pfile7.pddl
PATTY-B-npc-chrpa,numeric/line-exchange,files/numeric/line-exchange/domain.pddl,files/numeric/line-exchange/instances/5_10_50_100.pddl
PATTY-B-npc-chrpa,numeric/real-ipc-2023/fo-counters,files/numeric/real-ipc-2023/fo-counters/domain.pddl,files/numeric/real-ipc-2023/fo-counters/instances/pfile10.pddl
PATTY-B-npc-chrpa,numeric/real-ipc-2023/settlers-compiled,files/numeric/real-ipc-2023/settlers-compiled/domain.pddl,files/numeric/real-ipc-2023/settlers-compiled/instances/pfile16.pddl
PATTY-B-npc,numeric/real-ipc-2023/block-grouping,files/numeric/real-ipc-2023/block-grouping/domain.pddl,files/numeric/real-ipc-2023/block-grouping/instances/pfile8.pddl
PATTY-G-nei-chrpa,numeric/real-ipc-2023/sugar,files/numeric/real-ipc-2023/sugar/domain.pddl,files/numeric/real-ipc-2023/sugar/instances/pfile8.pddl
PATTY-B-npc-chrpa,numeric/real-ipc-2023/fo-farmland,files/numeric/real-ipc-2023/fo-farmland/domain.pddl,files/numeric/real-ipc-2023/fo-farmland/instances/pfile14.pddl
PATTY-B-npc-chrpa,numeric/line-exchange,files/numeric/line-exchange/domain.pddl,files/numeric/line-exchange/instances/3_15_90_10.pddl
PATTY-B-npc,numeric/real-ipc-2023/fo-counters,files/numeric/real-ipc-2023/fo-counters/domain.pddl,files/numeric/real-ipc-2023/fo-counters/instances/pfile2.pddl
PATTY-B-npc,numeric/real-ipc-2023/fo-sailing,files/numeric/real-ipc-2023/fo-sailing/domain.pddl,files/numeric/real-ipc-2023/fo-sailing/instances/pfile18.pddl
PATTY-B-npc,numeric/real-ipc-2023/hydropower,files/numeric/real-ipc-2023/hydropower/domain.pddl,files/numeric/real-ipc-2023/hydropower/instances/pfile3.pddl
PATTY-G-nei-chrpa,numeric/real-ipc-2023/mprime,files/numeric/real-ipc-2023/mprime/domain.pddl,files/numeric/real-ipc-2023/mprime/instances/pfile16.pddl
PATTY-G-nei,numeric/real-ipc-2023/fo-sailing,files/numeric/real-ipc-2023/fo-sailing/domain.pddl,files/numeric/real-ipc-2023/fo-sailing/instances/pfile13.pddl
PATTY-G-nei-chrpa,numeric/real-ipc-2023/sailing,files/numeric/real-ipc-2023/sailing/domain.pddl,files/numeric/real-ipc-2023/sailing/instances/pfile3.pddl
PATTY-B-npc,numeric/line-exchange,files/numeric/line-exchange/domain.pddl,files/numeric/line-exchange/instances/4_5_50_100.pddl
PATTY-G-nei,numeric/real-ipc-2023/markettrader,files/numeric/real-ipc-2023/markettrader/domain.pddl,files/numeric/real-ipc-2023/markettrader/instances/pfile1.pddl
PATTY-B-npc-chrpa,numeric/real-ipc-2023/drone,files/numeric/real-ipc-2023/drone/domain.pddl,files/numeric/real-ipc-2023/drone/instances/pfile18.pddl
PATTY-G-nei-chrpa,numeric/real-ipc-2023/hydropower,files/numeric/real-ipc-2023/hydropower/domain.pddl,files/numeric/real-ipc-2023/hydropower/instances/pfile2.pddl
PATTY-B-npc,numeric/real-ipc-2023/fo-counters,files/numeric/real-ipc-2023/fo-counters/domain.pddl,files/numeric/real-ipc-2023/fo-counters/instances/pfile20.pddl
PATTY-G-nei-chrpa,numeric/real-ipc-2023/ext-plant-watering,files/numeric/real-ipc-2023/ext-plant-watering/domain.pddl,files/numeric/real-ipc-2023/ext-plant-watering/instances/pfile4.pddl
PATTY-B-npc-chrpa,numeric/real-ipc-2023/pathwaysmetric,files/numeric/real-ipc-2023/pathwaysmetric/domain.pddl,files/numeric/real-ipc-2023/pathwaysmetric/instances/pfile1.pddl
PATTY-G-nei,numeric/real-ipc-2023/block-grouping,files/numeric/real-ipc-2023/block-grouping/domain.pddl,files/numeric/real-ipc-2023/block-grouping/instances/pfile4.pddl
PATTY-B-npc-chrpa,numeric/real-ipc-2023/settlersnumeric,files/numeric/real-ipc-2023/settlersnumeric/domain.pddl,files/numeric/real-ipc-2023/settlersnumeric/instances/pfile9.pddl
PATTY-B-npc,numeric/real-ipc-2023/fo-sailing,files/numeric/real-ipc-2023/fo-sailing/domain.pddl,files/numeric/real-ipc-2023/fo-sailing/instances/pfile10.pddl
PATTY-G-nei,numeric/real-ipc-2023/drone,files/numeric/real-ipc-2023/drone/domain.pddl,files/numeric/real-ipc-2023/drone/instances/pfile1.pddl
PATTY-B-npc,numeric/real-ipc-2023/zenotravel,files/numeric/real-ipc-2023/zenotravel/domain.pddl,files/numeric/real-ipc-2023/zenotravel/instances/pfile15.pddl
PATTY-G-nei-chrpa,numeric/real-ipc-2023/ext-plant-watering,files/numeric/real-ipc-2023/ext-plant-watering/domain.pddl,files/numeric/real-ipc-2023/ext-plant-watering/instances/pfile17.pddl
PATTY-B-npc-chrpa,numeric/real-ipc-2023/zenotravel,files/numeric/real-ipc-2023/zenotravel/domain.pddl,files/numeric/real-ipc-2023/zenotravel/instances/pfile15.pddl
PATTY-G-nei,numeric/real-ipc-2023/settlers-compiled,files/numeric/real-ipc-2023/settlers-compiled/domain.pddl,files/numeric/real-ipc-2023/settlers-compiled/instances/pfile19.pddl
PATTY-B-npc,numeric/real-ipc-2023/fo-sailing,files/numeric/real-ipc-2023/fo-sailing/domain.pddl,files/numeric/real-ipc-2023/fo-sailing/instances/pfile3.pddl
PATTY-B-npc-chrpa,numeric/real-ipc-2023/fo-sailing,files/numeric/real-ipc-2023/fo-sailing/domain.pddl,files/numeric/real-ipc-2023/fo-sailing/instances/pfile9.pddl
PATTY-G-nei-chrpa,numeric/real-ipc-2023/hydropower,files/numeric/real-ipc-2023/hydropower/domain.pddl,files/numeric/real-ipc-2023/hydropower/instances/pfile20.pddl
PATTY-B-npc-chrpa,numeric/real-ipc-2023/counters,files/numeric/real-ipc-2023/counters/domain.pddl,files/numeric/real-ipc-2023/counters/instances/pfile7.pddl
PATTY-G-nei-chrpa,numeric/real-ipc-2023/delivery,files/numeric/real-ipc-2023/delivery/domain.pddl,files/numeric/real-ipc-2023/delivery/instances/pfile15.pddl
PATTY-G-nei,numeric/real-ipc-2023/markettrader,files/numeric/real-ipc-2023/markettrader/domain.pddl,files/numeric/real-ipc-2023/markettrader/instances/pfile16.pddl
PATTY-G-nei,numeric/real-ipc-2023/sugar,files/numeric/real-ipc-2023/sugar/domain.pddl,files/numeric/real-ipc-2023/sugar/instances/pfile20.pddl
PATTY-G-nei-chrpa,numeric/real-ipc-2023/fo-sailing,files/numeric/real-ipc-2023/fo-sailing/domain.pddl,files/numeric/real-ipc-2023/fo-sailing/instances/pfile6.pddl
PATTY-G-nei,numeric/real-ipc-2023/tpp,files/numeric/real-ipc-2023/tpp/domain.pddl,files/numeric/real-ipc-2023/tpp/instances/pfile15.pddl
PATTY-B-npc-chrpa,numeric/real-ipc-2023/settlersnumeric,files/numeric/real-ipc-2023/settlersnumeric/domain.pddl,files/numeric/real-ipc-2023/settlersnumeric/instances/pfile12.pddl
PATTY-G-nei,numeric/real-ipc-2023/sailing,files/numeric/real-ipc-2023/sailing/domain.pddl,files/numeric/real-ipc-2023/sailing/instances/pfile8.pddl
PATTY-B-npc,numeric/real-ipc-2023/fo-counters,files/numeric/real-ipc-2023/fo-counters/domain.pddl,files/numeric/real-ipc-2023/fo-counters/instances/pfile19.pddl
PATTY-G-nei-chrpa,numeric/real-ipc-2023/mprime,files/numeric/real-ipc-2023/mprime/domain.pddl,files/numeric/real-ipc-2023/mprime/instances/pfile13.pddl
PATTY-G-nei-chrpa,numeric/real-ipc-2023/tpp,files/numeric/real-ipc-2023/tpp/domain.pddl,files/numeric/real-ipc-2023/tpp/instances/pfile2.pddl
PATTY-B-npc-chrpa,numeric/real-ipc-2023/markettrader,files/numeric/real-ipc-2023/markettrader/domain.pddl,files/numeric/real-ipc-2023/markettrader/instances/pfile15.pddl
PATTY-G-nei,numeric/real-ipc-2023/hydropower,files/numeric/real-ipc-2023/hydropower/domain.pddl,files/numeric/real-ipc-2023/hydropower/instances/pfile20.pddl
PATTY-B-npc,numeric/real-ipc-2023/block-grouping,files/numeric/real-ipc-2023/block-grouping/domain.pddl,files/numeric/real-ipc-2023/block-grouping/instances/pfile15.pddl
PATTY-G-nei,numeric/line-exchange,files/numeric/line-exchange/domain.pddl,files/numeric/line-exchange/instances/4_5_50_100.pddl
PATTY-B-npc,numeric/real-ipc-2023/markettrader,files/numeric/real-ipc-2023/markettrader/domain.pddl,files/numeric/real-ipc-2023/markettrader/instances/pfile9.pddl
PATTY-G-nei,numeric/real-ipc-2023/settlers-compiled,files/numeric/real-ipc-2023/settlers-compiled/domain.pddl,files/numeric/real-ipc-2023/settlers-compiled/instances/pfile3.pddl
PATTY-G-nei,numeric/line-exchange,files/numeric/line-exchange/domain.pddl,files/numeric/line-exchange/instances/3_10_90_50.pddl
PATTY-B-npc,numeric/real-ipc-2023/expedition,files/numeric/real-ipc-2023/expedition/domain.pddl,files/numeric/real-ipc-2023/expedition/instances/pfile7.pddl
PATTY-G-nei,numeric/real-ipc-2023/sailing,files/numeric/real-ipc-2023/sailing/domain.pddl,files/numeric/real-ipc-2023/sailing/instances/pfile3.pddl
PATTY-G-nei,numeric/real-ipc-2023/settlers-compiled,files/numeric/real-ipc-2023/settlers-compiled/domain.pddl,files/numeric/real-ipc-2023/settlers-compiled/instances/pfile11.pddl
PATTY-B-npc-chrpa,numeric/real-ipc-2023/tpp,files/numeric/real-ipc-2023/tpp/domain.pddl,files/numeric/real-ipc-2023/tpp/instances/pfile20.pddl
PATTY-G-nei-chrpa,numeric/real-ipc-2023/fo-sailing,files/numeric/real-ipc-2023/fo-sailing/domain.pddl,files/numeric/real-ipc-2023/fo-sailing/instances/pfile18.pddl
PATTY-G-nei-chrpa,numeric/real-ipc-2023/rover,files/numeric/real-ipc-2023/rover/domain.pddl,files/numeric/real-ipc-2023/rover/instances/pfile2.pddl
PATTY-B-npc,numeric/real-ipc-2023/ext-plant-watering,files/numeric/real-ipc-2023/ext-plant-watering/domain.pddl,files/numeric/real-ipc-2023/ext-plant-watering/instances/pfile15.pddl
PATTY-G-nei,numeric/real-ipc-2023/delivery,files/numeric/real-ipc-2023/delivery/domain.pddl,files/numeric/real-ipc-2023/delivery/instances/pfile20.pddl
PATTY-G-nei-chrpa,numeric/real-ipc-2023/drone,files/numeric/real-ipc-2023/drone/domain.pddl,files/numeric/real-ipc-2023/drone/instances/pfile9.pddl
PATTY-G-nei-chrpa,numeric/real-ipc-2023/fo-farmland,files/numeric/real-ipc-2023/fo-farmland/domain.pddl,files/numeric/real-ipc-2023/fo-farmland/instances/pfile6.pddl
PATTY-B-npc-chrpa,numeric/real-ipc-2023/delivery,files/numeric/real-ipc-2023/delivery/domain.pddl,files/numeric/real-ipc-2023/delivery/instances/pfile12.pddl
PATTY-G-nei-chrpa,numeric/real-ipc-2023/tpp,files/numeric/real-ipc-2023/tpp/domain.pddl,files/numeric/real-ipc-2023/tpp/instances/pfile10.pddl
PATTY-B-npc,numeric/real-ipc-2023/zenotravel,files/numeric/real-ipc-2023/zenotravel/domain.pddl,files/numeric/real-ipc-2023/zenotravel/instances/pfile2.pddl
PATTY-B-npc,numeric/real-ipc-2023/zenotravel,files/numeric/real-ipc-2023/zenotravel/domain.pddl,files/numeric/real-ipc-2023/zenotravel/instances/pfile5.pddl
PATTY-G-nei,numeric/real-ipc-2023/pathwaysmetric,files/numeric/real-ipc-2023/pathwaysmetric/domain.pddl,files/numeric/real-ipc-2023/pathwaysmetric/instances/pfile13.pddl
PATTY-G-nei-chrpa,numeric/real-ipc-2023/block-grouping,files/numeric/real-ipc-2023/block-grouping/domain.pddl,files/numeric/real-ipc-2023/block-grouping/instances/pfile4.pddl
PATTY-B-npc,numeric/real-ipc-2023/tpp,files/numeric/real-ipc-2023/tpp/domain.pddl,files/numeric/real-ipc-2023/tpp/instances/pfile10.pddl
PATTY-G-nei-chrpa,numeric/real-ipc-2023/delivery,files/numeric/real-ipc-2023/delivery/domain.pddl,files/numeric/real-ipc-2023/delivery/instances/pfile5.pddl
PATTY-B-npc,numeric/real-ipc-2023/rover,files/numeric/real-ipc-2023/rover/domain.pddl,files/numeric/real-ipc-2023/rover/instances/pfile15.pddl
PATTY-B-npc,numeric/real-ipc-2023/settlers-compiled,files/numeric/real-ipc-2023/settlers-compiled/domain.pddl,files/numeric/real-ipc-2023/settlers-compiled/instances/pfile12.pddl
PATTY-B-npc,numeric/real-ipc-2023/fo-farmland,files/numeric/real-ipc-2023/fo-farmland/domain.pddl,files/numeric/real-ipc-2023/fo-farmland/instances/pfile1.pddl
PATTY-B-npc-chrpa,numeric/real-ipc-2023/fo-sailing,files/numeric/real-ipc-2023/fo-sailing/domain.pddl,files/numeric/real-ipc-2023/fo-sailing/instances/pfile19.pddl
PATTY-G-nei,numeric/real-ipc-2023/farmland,files/numeric/real-ipc-2023/farmland/domain.pddl,files/numeric/real-ipc-2023/farmland/instances/pfile4.pddl
PATTY-B-npc-chrpa,numeric/real-ipc-2023/rover,files/numeric/real-ipc-2023/rover/domain.pddl,files/numeric/real-ipc-2023/rover/instances/pfile7.pddl
PATTY-G-nei,numeric/real-ipc-2023/hydropower,files/numeric/real-ipc-2023/hydropower/domain.pddl,files/numeric/real-ipc-2023/hydropower/instances/pfile8.pddl
PATTY-B-npc-chrpa,numeric/real-ipc-2023/sailing,files/numeric/real-ipc-2023/sailing/domain.pddl,files/numeric/real-ipc-2023/sailing/instances/pfile5.pddl
PATTY-B-npc,numeric/real-ipc-2023/sailing,files/numeric/real-ipc-2023/sailing/domain.pddl,files/numeric/real-ipc-2023/sailing/instances/pfile5.pddl
PATTY-B-npc,numeric/real-ipc-2023/rover,files/numeric/real-ipc-2023/rover/domain.pddl,files/numeric/real-ipc-2023/rover/instances/pfile14.pddl
PATTY-B-npc,numeric/real-ipc-2023/fo-sailing,files/numeric/real-ipc-2023/fo-sailing/domain.pddl,files/numeric/real-ipc-2023/fo-sailing/instances/pfile16.pddl
PATTY-B-npc,numeric/real-ipc-2023/hydropower,files/numeric/real-ipc-2023/hydropower/domain.pddl,files/numeric/real-ipc-2023/hydropower/instances/pfile8.pddl
PATTY-G-nei-chrpa,numeric/real-ipc-2023/pathwaysmetric,files/numeric/real-ipc-2023/pathwaysmetric/domain.pddl,files/numeric/real-ipc-2023/pathwaysmetric/instances/pfile17.pddl
PATTY-B-npc,numeric/real-ipc-2023/farmland,files/numeric/real-ipc-2023/farmland/domain.pddl,files/numeric/real-ipc-2023/farmland/instances/pfile9.pddl
PATTY-G-nei-chrpa,numeric/line-exchange,files/numeric/line-exchange/domain.pddl,files/numeric/line-exchange/instances/5_15_50_50.pddl
PATTY-B-npc-chrpa,numeric/real-ipc-2023/delivery,files/numeric/real-ipc-2023/delivery/domain.pddl,files/numeric/real-ipc-2023/delivery/instances/pfile9.pddl
PATTY-B-npc,numeric/real-ipc-2023/pathwaysmetric,files/numeric/real-ipc-2023/pathwaysmetric/domain.pddl,files/numeric/real-ipc-2023/pathwaysmetric/instances/pfile18.pddl
PATTY-G-nei-chrpa,numeric/real-ipc-2023/markettrader,files/numeric/real-ipc-2023/markettrader/domain.pddl,files/numeric/real-ipc-2023/markettrader/instances/pfile20.pddl
PATTY-B-npc,numeric/real-ipc-2023/rover,files/numeric/real-ipc-2023/rover/domain.pddl,files/numeric/real-ipc-2023/rover/instances/pfile10.pddl
PATTY-B-npc-chrpa,numeric/real-ipc-2023/farmland,files/numeric/real-ipc-2023/farmland/domain.pddl,files/numeric/real-ipc-2023/farmland/instances/pfile3.pddl
PATTY-G-nei-chrpa,numeric/line-exchange,files/numeric/line-exchange/domain.pddl,files/numeric/line-exchange/instances/3_15_25_100.pddl
PATTY-B-npc,numeric/real-ipc-2023/expedition,files/numeric/real-ipc-2023/expedition/domain.pddl,files/numeric/real-ipc-2023/expedition/instances/pfile14.pddl
PATTY-G-nei-chrpa,numeric/line-exchange,files/numeric/line-exchange/domain.pddl,files/numeric/line-exchange/instances/3_10_50_10.pddl
PATTY-G-nei,numeric/real-ipc-2023/zenotravel,files/numeric/real-ipc-2023/zenotravel/domain.pddl,files/numeric/real-ipc-2023/zenotravel/instances/pfile20.pddl
PATTY-G-nei,numeric/real-ipc-2023/fo-sailing,files/numeric/real-ipc-2023/fo-sailing/domain.pddl,files/numeric/real-ipc-2023/fo-sailing/instances/pfile18.pddl
PATTY-B-npc-chrpa,numeric/real-ipc-2023/delivery,files/numeric/real-ipc-2023/delivery/domain.pddl,files/numeric/real-ipc-2023/delivery/instances/pfile1.pddl
PATTY-G-nei-chrpa,numeric/line-exchange,files/numeric/line-exchange/domain.pddl,files/numeric/line-exchange/instances/5_10_25_50.pddl
PATTY-B-npc,numeric/real-ipc-2023/settlersnumeric,files/numeric/real-ipc-2023/settlersnumeric/domain.pddl,files/numeric/real-ipc-2023/settlersnumeric/instances/pfile4.pddl
PATTY-G-nei-chrpa,numeric/real-ipc-2023/expedition,files/numeric/real-ipc-2023/expedition/domain.pddl,files/numeric/real-ipc-2023/expedition/instances/pfile11.pddl
PATTY-G-nei-chrpa,numeric/real-ipc-2023/pathwaysmetric,files/numeric/real-ipc-2023/pathwaysmetric/domain.pddl,files/numeric/real-ipc-2023/pathwaysmetric/instances/pfile3.pddl
PATTY-G-nei-chrpa,numeric/real-ipc-2023/settlers-compiled,files/numeric/real-ipc-2023/settlers-compiled/domain.pddl,files/numeric/real-ipc-2023/settlers-compiled/instances/pfile14.pddl
PATTY-B-npc,numeric/real-ipc-2023/pathwaysmetric,files/numeric/real-ipc-2023/pathwaysmetric/domain.pddl,files/numeric/real-ipc-2023/pathwaysmetric/instances/pfile15.pddl
PATTY-B-npc-chrpa,numeric/real-ipc-2023/counters,files/numeric/real-ipc-2023/counters/domain.pddl,files/numeric/real-ipc-2023/counters/instances/pfile3.pddl
PATTY-B-npc-chrpa,numeric/real-ipc-2023/fo-sailing,files/numeric/real-ipc-2023/fo-sailing/domain.pddl,files/numeric/real-ipc-2023/fo-sailing/instances/pfile18.pddl
PATTY-G-nei-chrpa,numeric/real-ipc-2023/pathwaysmetric,files/numeric/real-ipc-2023/pathwaysmetric/domain.pddl,files/numeric/real-ipc-2023/pathwaysmetric/instances/pfile4.pddl
PATTY-G-nei,numeric/real-ipc-2023/sailing,files/numeric/real-ipc-2023/sailing/domain.pddl,files/numeric/real-ipc-2023/sailing/instances/pfile7.pddl
PATTY-B-npc-chrpa,numeric/real-ipc-2023/fo-counters,files/numeric/real-ipc-2023/fo-counters/domain.pddl,files/numeric/real-ipc-2023/fo-counters/instances/pfile8.pddl
PATTY-G-nei,numeric/real-ipc-2023/delivery,files/numeric/real-ipc-2023/delivery/domain.pddl,files/numeric/real-ipc-2023/delivery/instances/pfile4.pddl
PATTY-G-nei,numeric/real-ipc-2023/sugar,files/numeric/real-ipc-2023/sugar/domain.pddl,files/numeric/real-ipc-2023/sugar/instances/pfile3.pddl
PATTY-G-nei,numeric/real-ipc-2023/sailing,files/numeric/real-ipc-2023/sailing/domain.pddl,files/numeric/real-ipc-2023/sailing/instances/pfile13.pddl
PATTY-G-nei,numeric/real-ipc-2023/drone,files/numeric/real-ipc-2023/drone/domain.pddl,files/numeric/real-ipc-2023/drone/instances/pfile10.pddl
PATTY-G-nei,numeric/real-ipc-2023/fo-sailing,files/numeric/real-ipc-2023/fo-sailing/domain.pddl,files/numeric/real-ipc-2023/fo-sailing/instances/pfile2.pddl
PATTY-B-npc-chrpa,numeric/real-ipc-2023/rover,files/numeric/real-ipc-2023/rover/domain.pddl,files/numeric/real-ipc-2023/rover/instances/pfile5.pddl
PATTY-B-npc,numeric/real-ipc-2023/pathwaysmetric,files/numeric/real-ipc-2023/pathwaysmetric/domain.pddl,files/numeric/real-ipc-2023/pathwaysmetric/instances/pfile8.pddl
PATTY-G-nei,numeric/real-ipc-2023/settlersnumeric,files/numeric/real-ipc-2023/settlersnumeric/domain.pddl,files/numeric/real-ipc-2023/settlersnumeric/instances/pfile14.pddl
PATTY-G-nei-chrpa,numeric/real-ipc-2023/markettrader,files/numeric/real-ipc-2023/markettrader/domain.pddl,files/numeric/real-ipc-2023/markettrader/instances/pfile1.pddl
PATTY-B-npc-chrpa,numeric/real-ipc-2023/rover,files/numeric/real-ipc-2023/rover/domain.pddl,files/numeric/real-ipc-2023/rover/instances/pfile14.pddl
PATTY-B-npc,numeric/real-ipc-2023/drone,files/numeric/real-ipc-2023/drone/domain.pddl,files/numeric/real-ipc-2023/drone/instances/pfile3.pddl
PATTY-B-npc-chrpa,numeric/real-ipc-2023/settlers-compiled,files/numeric/real-ipc-2023/settlers-compiled/domain.pddl,files/numeric/real-ipc-2023/settlers-compiled/instances/pfile2.pddl
PATTY-G-nei,numeric/real-ipc-2023/settlersnumeric,files/numeric/real-ipc-2023/settlersnumeric/domain.pddl,files/numeric/real-ipc-2023/settlersnumeric/instances/pfile19.pddl
PATTY-B-npc-chrpa,numeric/real-ipc-2023/pathwaysmetric,files/numeric/real-ipc-2023/pathwaysmetric/domain.pddl,files/numeric/real-ipc-2023/pathwaysmetric/instances/pfile4.pddl
PATTY-B-npc,numeric/real-ipc-2023/rover,files/numeric/real-ipc-2023/rover/domain.pddl,files/numeric/real-ipc-2023/rover/instances/pfile16.pddl
PATTY-G-nei-chrpa,numeric/real-ipc-2023/fo-sailing,files/numeric/real-ipc-2023/fo-sailing/domain.pddl,files/numeric/real-ipc-2023/fo-sailing/instances/pfile7.pddl
PATTY-G-nei-chrpa,numeric/real-ipc-2023/settlers-compiled,files/numeric/real-ipc-2023/settlers-compiled/domain.pddl,files/numeric/real-ipc-2023/settlers-compiled/instances/pfile10.pddl
PATTY-B-npc-chrpa,numeric/real-ipc-2023/pathwaysmetric,files/numeric/real-ipc-2023/pathwaysmetric/domain.pddl,files/numeric/real-ipc-2023/pathwaysmetric/instances/pfile10.pddl
PATTY-G-nei,numeric/real-ipc-2023/zenotravel,files/numeric/real-ipc-2023/zenotravel/domain.pddl,files/numeric/real-ipc-2023/zenotravel/instances/pfile9.pddl
PATTY-G-nei,numeric/real-ipc-2023/sugar,files/numeric/real-ipc-2023/sugar/domain.pddl,files/numeric/real-ipc-2023/sugar/instances/pfile6.pddl
PATTY-G-nei,numeric/real-ipc-2023/delivery,files/numeric/real-ipc-2023/delivery/domain.pddl,files/numeric/real-ipc-2023/delivery/instances/pfile9.pddl
PATTY-B-npc,numeric/real-ipc-2023/pathwaysmetric,files/numeric/real-ipc-2023/pathwaysmetric/domain.pddl,files/numeric/real-ipc-2023/pathwaysmetric/instances/pfile14.pddl
PATTY-B-npc-chrpa,numeric/line-exchange,files/numeric/line-exchange/domain.pddl,files/numeric/line-exchange/instances/5_5_90_10.pddl
PATTY-G-nei-chrpa,numeric/real-ipc-2023/mprime,files/numeric/real-ipc-2023/mprime/domain.pddl,files/numeric/real-ipc-2023/mprime/instances/pfile12.pddl
PATTY-B-npc,numeric/line-exchange,files/numeric/line-exchange/domain.pddl,files/numeric/line-exchange/instances/3_15_90_10.pddl
PATTY-G-nei-chrpa,numeric/real-ipc-2023/sailing,files/numeric/real-ipc-2023/sailing/domain.pddl,files/numeric/real-ipc-2023/sailing/instances/pfile17.pddl
PATTY-B-npc,numeric/real-ipc-2023/zenotravel,files/numeric/real-ipc-2023/zenotravel/domain.pddl,files/numeric/real-ipc-2023/zenotravel/instances/pfile9.pddl
PATTY-G-nei,numeric/real-ipc-2023/rover,files/numeric/real-ipc-2023/rover/domain.pddl,files/numeric/real-ipc-2023/rover/instances/pfile13.pddl
PATTY-G-nei,numeric/real-ipc-2023/expedition,files/numeric/real-ipc-2023/expedition/domain.pddl,files/numeric/real-ipc-2023/expedition/instances/pfile10.pddl
PATTY-B-npc,numeric/real-ipc-2023/rover,files/numeric/real-ipc-2023/rover/domain.pddl,files/numeric/real-ipc-2023/rover/instances/pfile2.pddl
PATTY-B-npc-chrpa,numeric/real-ipc-2023/counters,files/numeric/real-ipc-2023/counters/domain.pddl,files/numeric/real-ipc-2023/counters/instances/pfile1.pddl
PATTY-G-nei-chrpa,numeric/real-ipc-2023/settlers-compiled,files/numeric/real-ipc-2023/settlers-compiled/domain.pddl,files/numeric/real-ipc-2023/settlers-compiled/instances/pfile8.pddl
PATTY-B-npc,numeric/real-ipc-2023/delivery,files/numeric/real-ipc-2023/delivery/domain.pddl,files/numeric/real-ipc-2023/delivery/instances/pfile14.pddl
PATTY-G-nei,numeric/line-exchange,files/numeric/line-exchange/domain.pddl,files/numeric/line-exchange/instances/3_5_90_100.pddl
PATTY-B-npc-chrpa,numeric/real-ipc-2023/sailing,files/numeric/real-ipc-2023/sailing/domain.pddl,files/numeric/real-ipc-2023/sailing/instances/pfile8.pddl
PATTY-B-npc,numeric/real-ipc-2023/ext-plant-watering,files/numeric/real-ipc-2023/ext-plant-watering/domain.pddl,files/numeric/real-ipc-2023/ext-plant-watering/instances/pfile16.pddl
PATTY-G-nei-chrpa,numeric/real-ipc-2023/mprime,files/numeric/real-ipc-2023/mprime/domain.pddl,files/numeric/real-ipc-2023/mprime/instances/pfile1.pddl
PATTY-G-nei,numeric/real-ipc-2023/tpp,files/numeric/real-ipc-2023/tpp/domain.pddl,files/numeric/real-ipc-2023/tpp/instances/pfile17.pddl
PATTY-G-nei,numeric/real-ipc-2023/settlersnumeric,files/numeric/real-ipc-2023/settlersnumeric/domain.pddl,files/numeric/real-ipc-2023/settlersnumeric/instances/pfile12.pddl
PATTY-B-npc,numeric/real-ipc-2023/rover,files/numeric/real-ipc-2023/rover/domain.pddl,files/numeric/real-ipc-2023/rover/instances/pfile17.pddl
PATTY-B-npc,numeric/real-ipc-2023/block-grouping,files/numeric/real-ipc-2023/block-grouping/domain.pddl,files/numeric/real-ipc-2023/block-grouping/instances/pfile2.pddl
PATTY-G-nei,numeric/real-ipc-2023/rover,files/numeric/real-ipc-2023/rover/domain.pddl,files/numeric/real-ipc-2023/rover/instances/pfile8.pddl
PATTY-B-npc-chrpa,numeric/real-ipc-2023/settlersnumeric,files/numeric/real-ipc-2023/settlersnumeric/domain.pddl,files/numeric/real-ipc-2023/settlersnumeric/instances/pfile1.pddl
PATTY-B-npc-chrpa,numeric/real-ipc-2023/drone,files/numeric/real-ipc-2023/drone/domain.pddl,files/numeric/real-ipc-2023/drone/instances/pfile6.pddl
PATTY-B-npc-chrpa,numeric/line-exchange,files/numeric/line-exchange/domain.pddl,files/numeric/line-exchange/instances/5_10_25_50.pddl
PATTY-G-nei-chrpa,numeric/real-ipc-2023/fo-counters,files/numeric/real-ipc-2023/fo-counters/domain.pddl,files/numeric/real-ipc-2023/fo-counters/instances/pfile6.pddl
PATTY-B-npc,numeric/real-ipc-2023/rover,files/numeric/real-ipc-2023/rover/domain.pddl,files/numeric/real-ipc-2023/rover/instances/pfile18.pddl
PATTY-B-npc,numeric/real-ipc-2023/settlers-compiled,files/numeric/real-ipc-2023/settlers-compiled/domain.pddl,files/numeric/real-ipc-2023/settlers-compiled/instances/pfile18.pddl
PATTY-G-nei,numeric/real-ipc-2023/drone,files/numeric/real-ipc-2023/drone/domain.pddl,files/numeric/real-ipc-2023/drone/instances/pfile15.pddl
PATTY-G-nei,numeric/real-ipc-2023/fo-sailing,files/numeric/real-ipc-2023/fo-sailing/domain.pddl,files/numeric/real-ipc-2023/fo-sailing/instances/pfile17.pddl
PATTY-B-npc-chrpa,numeric/real-ipc-2023/rover,files/numeric/real-ipc-2023/rover/domain.pddl,files/numeric/real-ipc-2023/rover/instances/pfile6.pddl
PATTY-G-nei-chrpa,numeric/real-ipc-2023/drone,files/numeric/real-ipc-2023/drone/domain.pddl,files/numeric/real-ipc-2023/drone/instances/pfile17.pddl
PATTY-B-npc-chrpa,numeric/real-ipc-2023/rover,files/numeric/real-ipc-2023/rover/domain.pddl,files/numeric/real-ipc-2023/rover/instances/pfile4.pddl
PATTY-G-nei-chrpa,numeric/real-ipc-2023/ext-plant-watering,files/numeric/real-ipc-2023/ext-plant-watering/domain.pddl,files/numeric/real-ipc-2023/ext-plant-watering/instances/pfile16.pddl
PATTY-B-npc-chrpa,numeric/real-ipc-2023/expedition,files/numeric/real-ipc-2023/expedition/domain.pddl,files/numeric/real-ipc-2023/expedition/instances/pfile16.pddl
PATTY-G-nei,numeric/real-ipc-2023/counters,files/numeric/real-ipc-2023/counters/domain.pddl,files/numeric/real-ipc-2023/counters/instances/pfile3.pddl
PATTY-G-nei,numeric/real-ipc-2023/expedition,files/numeric/real-ipc-2023/expedition/domain.pddl,files/numeric/real-ipc-2023/expedition/instances/pfile17.pddl
PATTY-G-nei-chrpa,numeric/real-ipc-2023/delivery,files/numeric/real-ipc-2023/delivery/domain.pddl,files/numeric/real-ipc-2023/delivery/instances/pfile17.pddl
PATTY-B-npc,numeric/real-ipc-2023/block-grouping,files/numeric/real-ipc-2023/block-grouping/domain.pddl,files/numeric/real-ipc-2023/block-grouping/instances/pfile7.pddl
PATTY-B-npc-chrpa,numeric/real-ipc-2023/tpp,files/numeric/real-ipc-2023/tpp/domain.pddl,files/numeric/real-ipc-2023/tpp/instances/pfile1.pddl
PATTY-G-nei-chrpa,numeric/real-ipc-2023/settlersnumeric,files/numeric/real-ipc-2023/settlersnumeric/domain.pddl,files/numeric/real-ipc-2023/settlersnumeric/instances/pfile14.pddl
PATTY-G-nei-chrpa,numeric/real-ipc-2023/mprime,files/numeric/real-ipc-2023/mprime/domain.pddl,files/numeric/real-ipc-2023/mprime/instances/pfile8.pddl
PATTY-B-npc,numeric/line-exchange,files/numeric/line-exchange/domain.pddl,files/numeric/line-exchange/instances/3_5_90_100.pddl
PATTY-G-nei-chrpa,numeric/real-ipc-2023/sugar,files/numeric/real-ipc-2023/sugar/domain.pddl,files/numeric/real-ipc-2023/sugar/instances/pfile12.pddl
PATTY-B-npc-chrpa,numeric/real-ipc-2023/tpp,files/numeric/real-ipc-2023/tpp/domain.pddl,files/numeric/real-ipc-2023/tpp/instances/pfile11.pddl
PATTY-B-npc-chrpa,numeric/real-ipc-2023/delivery,files/numeric/real-ipc-2023/delivery/domain.pddl,files/numeric/real-ipc-2023/delivery/instances/pfile15.pddl
PATTY-B-npc,numeric/real-ipc-2023/tpp,files/numeric/real-ipc-2023/tpp/domain.pddl,files/numeric/real-ipc-2023/tpp/instances/pfile9.pddl
PATTY-B-npc,numeric/real-ipc-2023/tpp,files/numeric/real-ipc-2023/tpp/domain.pddl,files/numeric/real-ipc-2023/tpp/instances/pfile5.pddl
PATTY-B-npc-chrpa,numeric/real-ipc-2023/markettrader,files/numeric/real-ipc-2023/markettrader/domain.pddl,files/numeric/real-ipc-2023/markettrader/instances/pfile12.pddl
PATTY-B-npc-chrpa,numeric/real-ipc-2023/delivery,files/numeric/real-ipc-2023/delivery/domain.pddl,files/numeric/real-ipc-2023/delivery/instances/pfile10.pddl
PATTY-B-npc-chrpa,numeric/real-ipc-2023/settlersnumeric,files/numeric/real-ipc-2023/settlersnumeric/domain.pddl,files/numeric/real-ipc-2023/settlersnumeric/instances/pfile3.pddl
PATTY-G-nei-chrpa,numeric/real-ipc-2023/delivery,files/numeric/real-ipc-2023/delivery/domain.pddl,files/numeric/real-ipc-2023/delivery/instances/pfile3.pddl
PATTY-G-nei-chrpa,numeric/real-ipc-2023/markettrader,files/numeric/real-ipc-2023/markettrader/domain.pddl,files/numeric/real-ipc-2023/markettrader/instances/pfile16.pddl
PATTY-B-npc,numeric/real-ipc-2023/delivery,files/numeric/real-ipc-2023/delivery/domain.pddl,files/numeric/real-ipc-2023/delivery/instances/pfile3.pddl
PATTY-B-npc,numeric/real-ipc-2023/fo-counters,files/numeric/real-ipc-2023/fo-counters/domain.pddl,files/numeric/real-ipc-2023/fo-counters/instances/pfile18.pddl
PATTY-G-nei,numeric/real-ipc-2023/expedition,files/numeric/real-ipc-2023/expedition/domain.pddl,files/numeric/real-ipc-2023/expedition/instances/pfile9.pddl
PATTY-B-npc-chrpa,numeric/real-ipc-2023/settlersnumeric,files/numeric/real-ipc-2023/settlersnumeric/domain.pddl,files/numeric/real-ipc-2023/settlersnumeric/instances/pfile17.pddl
PATTY-B-npc-chrpa,numeric/real-ipc-2023/zenotravel,files/numeric/real-ipc-2023/zenotravel/domain.pddl,files/numeric/real-ipc-2023/zenotravel/instances/pfile8.pddl
PATTY-B-npc-chrpa,numeric/real-ipc-2023/hydropower,files/numeric/real-ipc-2023/hydropower/domain.pddl,files/numeric/real-ipc-2023/hydropower/instances/pfile17.pddl
PATTY-G-nei-chrpa,numeric/real-ipc-2023/settlersnumeric,files/numeric/real-ipc-2023/settlersnumeric/domain.pddl,files/numeric/real-ipc-2023/settlersnumeric/instances/pfile10.pddl
PATTY-B-npc,numeric/real-ipc-2023/expedition,files/numeric/real-ipc-2023/expedition/domain.pddl,files/numeric/real-ipc-2023/expedition/instances/pfile4.pddl
PATTY-B-npc-chrpa,numeric/line-exchange,files/numeric/line-exchange/domain.pddl,files/numeric/line-exchange/instances/5_15_90_100.pddl
PATTY-B-npc-chrpa,numeric/real-ipc-2023/farmland,files/numeric/real-ipc-2023/farmland/domain.pddl,files/numeric/real-ipc-2023/farmland/instances/pfile16.pddl
PATTY-B-npc-chrpa,numeric/real-ipc-2023/hydropower,files/numeric/real-ipc-2023/hydropower/domain.pddl,files/numeric/real-ipc-2023/hydropower/instances/pfile7.pddl
PATTY-G-nei,numeric/real-ipc-2023/settlersnumeric,files/numeric/real-ipc-2023/settlersnumeric/domain.pddl,files/numeric/real-ipc-2023/settlersnumeric/instances/pfile7.pddl
PATTY-B-npc,numeric/real-ipc-2023/ext-plant-watering,files/numeric/real-ipc-2023/ext-plant-watering/domain.pddl,files/numeric/real-ipc-2023/ext-plant-watering/instances/pfile20.pddl
PATTY-B-npc-chrpa,numeric/line-exchange,files/numeric/line-exchange/domain.pddl,files/numeric/line-exchange/instances/3_5_90_100.pddl
PATTY-G-nei-chrpa,numeric/real-ipc-2023/expedition,files/numeric/real-ipc-2023/expedition/domain.pddl,files/numeric/real-ipc-2023/expedition/instances/pfile17.pddl
PATTY-G-nei-chrpa,numeric/real-ipc-2023/rover,files/numeric/real-ipc-2023/rover/domain.pddl,files/numeric/real-ipc-2023/rover/instances/pfile11.pddl
PATTY-G-nei,numeric/real-ipc-2023/ext-plant-watering,files/numeric/real-ipc-2023/ext-plant-watering/domain.pddl,files/numeric/real-ipc-2023/ext-plant-watering/instances/pfile12.pddl
PATTY-G-nei,numeric/real-ipc-2023/rover,files/numeric/real-ipc-2023/rover/domain.pddl,files/numeric/real-ipc-2023/rover/instances/pfile20.pddl
PATTY-G-nei-chrpa,numeric/real-ipc-2023/rover,files/numeric/real-ipc-2023/rover/domain.pddl,files/numeric/real-ipc-2023/rover/instances/pfile15.pddl
PATTY-B-npc-chrpa,numeric/real-ipc-2023/markettrader,files/numeric/real-ipc-2023/markettrader/domain.pddl,files/numeric/real-ipc-2023/markettrader/instances/pfile4.pddl
PATTY-B-npc,numeric/real-ipc-2023/fo-counters,files/numeric/real-ipc-2023/fo-counters/domain.pddl,files/numeric/real-ipc-2023/fo-counters/instances/pfile9.pddl
PATTY-G-nei,numeric/real-ipc-2023/drone,files/numeric/real-ipc-2023/drone/domain.pddl,files/numeric/real-ipc-2023/drone/instances/pfile6.pddl
PATTY-G-nei-chrpa,numeric/real-ipc-2023/tpp,files/numeric/real-ipc-2023/tpp/domain.pddl,files/numeric/real-ipc-2023/tpp/instances/pfile15.pddl
PATTY-G-nei,numeric/real-ipc-2023/expedition,files/numeric/real-ipc-2023/expedition/domain.pddl,files/numeric/real-ipc-2023/expedition/instances/pfile12.pddl
PATTY-G-nei-chrpa,numeric/real-ipc-2023/fo-sailing,files/numeric/real-ipc-2023/fo-sailing/domain.pddl,files/numeric/real-ipc-2023/fo-sailing/instances/pfile11.pddl
PATTY-G-nei,numeric/real-ipc-2023/block-grouping,files/numeric/real-ipc-2023/block-grouping/domain.pddl,files/numeric/real-ipc-2023/block-grouping/instances/pfile19.pddl
PATTY-B-npc,numeric/real-ipc-2023/rover,files/numeric/real-ipc-2023/rover/domain.pddl,files/numeric/real-ipc-2023/rover/instances/pfile11.pddl
PATTY-G-nei,numeric/real-ipc-2023/pathwaysmetric,files/numeric/real-ipc-2023/pathwaysmetric/domain.pddl,files/numeric/real-ipc-2023/pathwaysmetric/instances/pfile19.pddl
PATTY-G-nei-chrpa,numeric/real-ipc-2023/ext-plant-watering,files/numeric/real-ipc-2023/ext-plant-watering/domain.pddl,files/numeric/real-ipc-2023/ext-plant-watering/instances/pfile18.pddl
PATTY-B-npc-chrpa,numeric/real-ipc-2023/hydropower,files/numeric/real-ipc-2023/hydropower/domain.pddl,files/numeric/real-ipc-2023/hydropower/instances/pfile8.pddl
PATTY-G-nei-chrpa,numeric/real-ipc-2023/sugar,files/numeric/real-ipc-2023/sugar/domain.pddl,files/numeric/real-ipc-2023/sugar/instances/pfile10.pddl
PATTY-B-npc-chrpa,numeric/real-ipc-2023/farmland,files/numeric/real-ipc-2023/farmland/domain.pddl,files/numeric/real-ipc-2023/farmland/instances/pfile4.pddl
PATTY-B-npc,numeric/line-exchange,files/numeric/line-exchange/domain.pddl,files/numeric/line-exchange/instances/3_10_50_10.pddl
PATTY-B-npc,numeric/real-ipc-2023/farmland,files/numeric/real-ipc-2023/farmland/domain.pddl,files/numeric/real-ipc-2023/farmland/instances/pfile4.pddl
PATTY-B-npc-chrpa,numeric/real-ipc-2023/fo-farmland,files/numeric/real-ipc-2023/fo-farmland/domain.pddl,files/numeric/real-ipc-2023/fo-farmland/instances/pfile4.pddl
PATTY-B-npc-chrpa,numeric/real-ipc-2023/mprime,files/numeric/real-ipc-2023/mprime/domain.pddl,files/numeric/real-ipc-2023/mprime/instances/pfile18.pddl
PATTY-B-npc-chrpa,numeric/real-ipc-2023/farmland,files/numeric/real-ipc-2023/farmland/domain.pddl,files/numeric/real-ipc-2023/farmland/instances/pfile9.pddl
PATTY-B-npc,numeric/real-ipc-2023/fo-farmland,files/numeric/real-ipc-2023/fo-farmland/domain.pddl,files/numeric/real-ipc-2023/fo-farmland/instances/pfile20.pddl